time,humidity,salinity,air_temperature,water_temperature,wind_speed
2022-10-01T00:08:00Z,93.2,NaN,17.68,22.09,11.451795
2022-10-01T01:08:00Z,90.9,NaN,17.81,22.03,11.261447
2022-10-01T02:08:00Z,89.5,NaN,17.68,22.03,10.093631
2022-10-01T03:08:00Z,89.0,NaN,17.54,21.95,9.471139
2022-10-01T04:08:00Z,90.0,NaN,17.46,21.84,9.92386
2022-10-01T05:08:00Z,90.5,NaN,17.34,21.91,9.836403
2022-10-01T06:08:00Z,91.6,NaN,17.2,21.92,9.831258
2022-10-01T07:08:00Z,90.8,NaN,17.16,21.82,8.380492
2022-10-01T08:08:00Z,90.1,NaN,17.12,21.44,8.303323
2022-10-01T09:08:00Z,89.5,NaN,16.96,21.02,7.39788
2022-10-01T10:08:00Z,88.3,NaN,16.99,21.02,6.374113
2022-10-01T11:08:00Z,87.2,NaN,17.01,20.75,6.276366
2022-10-01T12:08:00Z,84.6,NaN,17.7,20.74,5.69503
2022-10-01T13:08:00Z,83.4,NaN,17.96,20.39,5.334911
2022-10-01T14:08:00Z,80.7,NaN,18.68,20.42,5.247453
2022-10-01T15:08:00Z,78.31,NaN,19.29,20.46,4.650684
2022-10-01T16:08:00Z,79.84,NaN,19.78,21.79,5.45838
2022-10-01T17:08:00Z,80.3,NaN,20.18,21.9,4.923346
2022-10-01T18:08:00Z,81.0,NaN,20.76,21.83,3.812635
2022-10-01T19:08:00Z,81.6,NaN,21.35,21.86,3.909353
2022-10-01T20:08:00Z,78.87,NaN,22.39,21.91,4.959358
2022-10-01T21:08:00Z,79.27,NaN,22.4,21.59,4.635251
2022-10-01T22:08:00Z,82.0,NaN,22.47,21.62,3.301266
2022-10-01T23:08:00Z,85.6,NaN,22.0,21.46,1.956477
2022-10-02T00:08:00Z,89.0,NaN,21.77,21.35,1.193024
2022-10-02T01:08:00Z,89.7,NaN,21.79,21.28,0.938883
2022-10-02T02:08:00Z,88.9,NaN,21.89,21.33,1.590184
2022-10-02T03:08:00Z,92.0,NaN,21.6,21.36,1.098878
2022-10-02T04:08:00Z,90.0,NaN,20.77,21.33,5.062249
2022-10-02T05:08:00Z,91.9,NaN,20.12,21.27,4.943924
2022-10-02T06:08:00Z,93.6,NaN,19.36,21.32,5.679597
2022-10-02T07:08:00Z,92.2,NaN,19.02,21.35,5.144562
2022-10-02T08:08:00Z,90.5,NaN,18.8,21.37,4.722708
2022-10-02T09:08:00Z,87.8,NaN,19.01,21.45,5.833934
2022-10-02T10:08:00Z,87.4,NaN,19.03,21.54,5.679597
2022-10-02T11:08:00Z,88.3,NaN,18.78,21.48,6.363823
2022-10-02T12:08:00Z,87.7,NaN,18.52,21.5,6.266077
2022-10-02T13:08:00Z,85.1,NaN,18.32,21.55,7.63453
2022-10-02T14:08:00Z,82.7,NaN,18.37,21.59,7.567651
2022-10-02T15:08:00Z,81.8,NaN,18.49,21.71,6.40498
2022-10-02T16:08:00Z,80.2,NaN,18.88,21.73,5.386357
2022-10-02T17:08:00Z,77.77,NaN,19.42,21.82,3.845046
2022-10-02T18:08:00Z,77.23,NaN,19.73,21.94,2.921597
2022-10-02T19:08:00Z,75.91,NaN,20.28,21.95,2.184381
2022-10-02T20:08:00Z,72.89,NaN,20.93,21.97,1.558802
2022-10-02T21:08:00Z,73.33,NaN,21.21,21.99,3.690709
2022-10-02T22:08:00Z,76.55,NaN,20.91,21.91,6.410124
2022-10-02T23:08:00Z,75.15,NaN,20.93,21.96,4.81531
2022-10-03T00:08:00Z,77.67,NaN,20.69,21.87,5.844223
2022-10-03T01:08:00Z,76.35,NaN,20.15,21.74,5.952258
2022-10-03T02:08:00Z,78.44,NaN,19.74,21.65,7.032617
2022-10-03T03:08:00Z,81.8,NaN,18.93,21.58,7.70141
2022-10-03T04:08:00Z,85.7,NaN,18.05,21.58,8.066674
2022-10-03T05:08:00Z,87.7,NaN,17.61,21.6,6.945159
2022-10-03T06:08:00Z,89.7,NaN,17.23,21.58,7.902048
2022-10-03T07:08:00Z,89.5,NaN,17.35,21.56,8.097541
2022-10-03T08:08:00Z,87.6,NaN,17.3,21.51,9.219055
2022-10-03T09:08:00Z,88.6,NaN,16.9,21.48,8.303323
2022-10-03T10:08:00Z,88.1,NaN,16.66,21.41,9.069863
2022-10-03T11:08:00Z,88.4,NaN,16.57,21.3,9.136742
2022-10-03T12:08:00Z,88.5,NaN,16.3,21.19,8.642864
2022-10-03T13:08:00Z,87.7,NaN,16.23,21.25,10.057619
2022-10-03T14:08:00Z,89.2,NaN,16.02,20.89,7.866036
2022-10-03T15:08:00Z,86.9,NaN,16.1,20.63,7.773433
2022-10-03T16:08:00Z,89.0,NaN,15.81,20.79,8.22101
2022-10-03T17:08:00Z,88.2,NaN,15.63,20.59,6.703365
2022-10-03T18:08:00Z,85.9,NaN,16.2,20.59,7.469904
2022-10-03T19:08:00Z,83.1,NaN,16.69,20.58,6.142607
2022-10-03T20:08:00Z,83.1,NaN,17.15,20.62,8.586274
2022-10-03T21:08:00Z,81.7,NaN,17.1,20.73,7.721988
2022-10-03T22:08:00Z,82.8,NaN,16.99,20.92,7.125219
2022-10-03T23:08:00Z,82.9,NaN,17.08,20.96,6.410124
2022-10-04T00:08:00Z,83.2,NaN,17.1,21.01,6.543883
2022-10-04T01:08:00Z,80.5,NaN,17.56,21.02,7.989505
2022-10-04T02:08:00Z,81.1,NaN,17.29,21.04,9.40426
2022-10-04T03:08:00Z,82.6,NaN,16.78,20.89,8.478239
2022-10-04T04:08:00Z,83.1,NaN,16.43,20.87,7.480193
2022-10-04T05:08:00Z,85.5,NaN,15.96,20.94,6.096306
2022-10-04T06:08:00Z,87.1,NaN,15.58,21.1,5.962548
2022-10-04T07:08:00Z,87.6,NaN,14.84,21.16,7.804301
2022-10-04T08:08:00Z,88.8,NaN,14.14,21.21,8.797201
2022-10-04T09:08:00Z,90.3,NaN,13.45,21.18,9.774668
2022-10-04T10:08:00Z,90.6,NaN,12.83,21.17,8.977261
2022-10-04T11:08:00Z,87.8,NaN,12.62,21.06,9.784957
2022-10-04T12:08:00Z,85.8,NaN,12.59,21.07,8.2313
2022-10-04T13:08:00Z,87.8,NaN,12.6,21.08,9.275646
2022-10-04T14:08:00Z,83.7,NaN,13.77,21.07,8.812635
2022-10-04T15:08:00Z,78.79,NaN,14.83,20.83,7.855746
2022-10-04T16:08:00Z,75.06,NaN,15.73,20.92,5.376067
2022-10-04T17:08:00Z,69.89,NaN,16.9,21.15,5.046816
2022-10-04T18:08:00Z,65.43,NaN,17.96,21.08,5.298899
2022-10-04T19:08:00Z,59.76,NaN,18.94,21.12,3.08931
2022-10-04T20:08:00Z,55.1,NaN,19.96,21.28,3.150015
2022-10-04T21:08:00Z,53.26,NaN,20.72,21.36,4.22883
2022-10-04T22:08:00Z,54.97,NaN,20.63,21.26,5.309188
2022-10-04T23:08:00Z,54.18,NaN,20.31,21.13,3.333162
2022-10-05T00:08:00Z,55.12,NaN,20.17,20.98,1.865418
2022-10-05T01:08:00Z,56.43,NaN,20.45,20.88,2.80996
2022-10-05T02:08:00Z,61.56,NaN,20.5,20.8,3.471551
2022-10-05T03:08:00Z,62.8,NaN,20.59,20.72,3.998868
2022-10-05T04:08:00Z,66.21,NaN,20.62,20.65,5.514971
2022-10-05T05:08:00Z,70.96,NaN,20.52,20.63,5.803066
2022-10-05T06:08:00Z,75.82,NaN,20.42,20.61,5.586995
2022-10-05T07:08:00Z,83.8,NaN,19.06,20.66,4.841033
2022-10-05T08:08:00Z,84.0,NaN,19.1,20.74,6.106595
2022-10-05T09:08:00Z,81.3,NaN,18.76,20.78,6.132318
2022-10-05T10:08:00Z,84.9,NaN,17.14,20.73,5.067394
2022-10-05T11:08:00Z,87.4,NaN,15.89,20.74,5.473814
2022-10-05T12:08:00Z,88.1,NaN,15.63,20.72,5.844223
2022-10-05T13:08:00Z,74.7,NaN,15.76,20.69,5.40179
2022-10-05T14:08:00Z,72.52,NaN,16.87,20.71,4.244264
2022-10-05T15:08:00Z,65.45,NaN,18.34,20.68,2.89536
2022-10-05T16:08:00Z,56.14,NaN,19.84,20.88,2.80996
2022-10-05T17:08:00Z,53.83,NaN,20.84,21.06,3.740097
2022-10-05T18:08:00Z,54.57,NaN,21.57,21.27,3.532256
2022-10-05T19:08:00Z,57.23,NaN,21.81,21.39,3.984978
2022-10-05T20:08:00Z,55.91,NaN,22.32,21.36,3.773536
2022-10-05T21:08:00Z,57.15,NaN,22.41,21.36,4.460335
2022-10-05T22:08:00Z,58.27,NaN,22.3,21.32,2.836712
2022-10-05T23:08:00Z,59.17,NaN,21.85,21.32,3.081078
2022-10-06T00:08:00Z,62.43,NaN,21.5,21.36,1.888569
2022-10-06T01:08:00Z,59.14,NaN,21.4,21.4,0.832905
2022-10-06T02:08:00Z,61.08,NaN,20.87,21.26,0.394588
2022-10-06T03:08:00Z,63.87,NaN,20.87,21.23,0.586995
2022-10-06T04:08:00Z,65.92,NaN,21.01,21.18,1.059265
2022-10-06T05:08:00Z,72.37,NaN,20.58,21.14,0.937339
2022-10-06T06:08:00Z,75.0,NaN,20.42,21.1,1.208972
2022-10-06T07:08:00Z,82.2,NaN,20.0,20.95,1.51816
2022-10-06T08:08:00Z,81.2,NaN,19.79,20.95,2.302192
2022-10-06T09:08:00Z,76.69,NaN,19.71,20.96,2.17152
2022-10-06T10:08:00Z,80.9,NaN,19.19,20.91,3.392324
2022-10-06T11:08:00Z,85.6,NaN,18.81,20.96,3.339335
2022-10-06T12:08:00Z,87.3,NaN,18.75,21.01,3.35837
2022-10-06T13:08:00Z,85.9,NaN,19.16,21.05,2.954522
2022-10-06T14:08:00Z,83.6,NaN,19.81,21.05,2.013582
2022-10-06T15:08:00Z,78.41,NaN,21.26,21.2,0.675995
2022-10-06T16:08:00Z,76.11,NaN,21.74,21.26,1.521761
2022-10-06T17:08:00Z,76.26,NaN,21.45,21.44,2.00072
2022-10-06T18:08:00Z,76.24,NaN,21.78,22.02,3.866653
2022-10-06T19:08:00Z,74.85,NaN,22.11,22.24,3.991151
2022-10-06T20:08:00Z,75.2,NaN,22.43,22.07,4.264842
2022-10-06T21:08:00Z,77.31,NaN,22.49,22.15,4.542648
2022-10-06T22:08:00Z,79.21,NaN,22.54,22.2,5.360634
2022-10-06T23:08:00Z,82.4,NaN,22.45,22.2,4.434613
2022-10-07T00:08:00Z,84.2,NaN,22.34,21.99,3.68042
2022-10-07T01:08:00Z,86.2,NaN,22.18,21.85,3.288919
2022-10-07T02:08:00Z,88.0,NaN,22.0,21.61,2.712213
2022-10-07T03:08:00Z,89.0,NaN,21.88,21.57,1.807799
2022-10-07T04:08:00Z,91.5,NaN,21.6,21.54,1.319066
2022-10-07T05:08:00Z,92.0,NaN,21.44,21.55,1.834551
2022-10-07T06:08:00Z,92.6,NaN,21.4,21.54,1.737833
2022-10-07T07:08:00Z,94.4,NaN,21.02,21.57,1.288198
2022-10-07T08:08:00Z,95.0,NaN,20.9,21.54,1.950818
2022-10-07T09:08:00Z,93.6,NaN,20.55,21.53,2.167404
2022-10-07T10:08:00Z,91.7,NaN,20.6,21.61,1.981685
2022-10-07T11:08:00Z,91.0,NaN,20.52,21.47,1.940529
2022-10-07T12:08:00Z,88.3,NaN,20.53,21.4,2.585143
2022-10-07T13:08:00Z,86.4,NaN,20.76,21.33,2.217306
2022-10-07T14:08:00Z,84.3,NaN,21.15,21.29,2.529067
2022-10-07T15:08:00Z,84.6,NaN,21.56,21.14,2.910279
2022-10-07T16:08:00Z,86.5,NaN,21.75,21.21,3.152073
2022-10-07T17:08:00Z,81.8,NaN,22.2,21.35,3.702027
2022-10-07T18:08:00Z,83.7,NaN,22.42,21.46,3.698426
2022-10-07T19:08:00Z,86.6,NaN,22.62,21.8,4.026649
2022-10-07T20:08:00Z,87.9,NaN,22.79,22.14,3.551291
2022-10-07T21:08:00Z,89.0,NaN,22.81,22.04,4.203107
2022-10-07T22:08:00Z,89.0,NaN,22.79,21.92,4.851322
2022-10-07T23:08:00Z,90.0,NaN,22.58,21.65,4.666118
2022-10-08T00:08:00Z,92.0,NaN,22.48,21.47,4.146517
2022-10-08T01:08:00Z,91.9,NaN,22.57,21.45,4.036424
2022-10-08T02:08:00Z,91.0,NaN,22.53,21.41,3.90215
2022-10-08T03:08:00Z,89.8,NaN,22.6,21.56,3.394897
2022-10-08T04:08:00Z,90.0,NaN,22.48,21.58,2.838769
2022-10-08T05:08:00Z,92.0,NaN,22.2,21.56,2.543472
2022-10-08T06:08:00Z,93.0,NaN,22.0,21.28,1.791337
2022-10-08T07:08:00Z,94.0,NaN,21.78,21.18,1.503756
2022-10-08T08:08:00Z,96.0,NaN,21.3,21.23,0.985698
2022-10-08T09:08:00Z,96.0,NaN,21.13,21.08,0.638955
2022-10-08T10:08:00Z,96.0,NaN,21.0,21.2,1.573722
2022-10-08T11:08:00Z,95.0,NaN,20.91,21.1,2.054738
2022-10-08T12:08:00Z,94.0,NaN,21.05,21.09,3.028604
2022-10-08T13:08:00Z,93.0,NaN,21.4,21.09,1.956477
2022-10-08T14:08:00Z,90.0,NaN,21.73,21.25,2.572796
2022-10-08T15:08:00Z,91.2,NaN,20.84,21.43,3.553349
2022-10-08T16:08:00Z,89.4,NaN,21.15,21.65,3.522482
2022-10-08T17:08:00Z,86.0,NaN,21.49,21.84,3.24519
2022-10-08T18:08:00Z,84.6,NaN,21.79,21.97,3.641321
2022-10-08T19:08:00Z,82.4,NaN,22.02,22.04,4.738142
2022-10-08T20:08:00Z,90.4,NaN,21.35,22.0,6.852557
2022-10-08T21:08:00Z,89.3,NaN,21.22,21.69,6.785678
2022-10-08T22:08:00Z,90.0,NaN,21.33,21.56,6.322667
2022-10-08T23:08:00Z,89.1,NaN,21.46,21.54,6.050005
2022-10-09T00:08:00Z,89.5,NaN,21.49,21.54,6.075728
2022-10-09T01:08:00Z,87.5,NaN,21.71,21.52,5.921391
2022-10-09T02:08:00Z,87.6,NaN,21.81,21.5,5.520115
2022-10-09T03:08:00Z,88.7,NaN,21.63,21.47,7.361869
2022-10-09T04:08:00Z,86.8,NaN,21.54,21.41,8.102685
2022-10-09T05:08:00Z,87.1,NaN,21.39,21.32,7.938059
2022-10-09T06:08:00Z,91.0,NaN,20.27,21.23,7.711699
2022-10-09T07:08:00Z,87.8,NaN,20.77,21.22,8.997839
2022-10-09T08:08:00Z,86.8,NaN,20.84,21.41,9.177899
2022-10-09T09:08:00Z,87.7,NaN,20.72,21.45,9.177899
2022-10-09T10:08:00Z,88.8,NaN,20.55,21.52,9.116164
2022-10-09T11:08:00Z,92.0,NaN,20.46,21.51,8.699455
2022-10-09T12:08:00Z,93.0,NaN,20.34,21.5,8.658298
2022-10-09T13:08:00Z,86.7,NaN,21.03,21.54,8.766334
2022-10-09T14:08:00Z,86.5,NaN,21.15,21.59,8.920671
2022-10-09T15:08:00Z,84.8,NaN,21.26,21.61,8.761189
2022-10-09T16:08:00Z,85.6,NaN,21.22,21.59,8.437082
2022-10-09T17:08:00Z,84.5,NaN,21.27,21.66,8.812635
2022-10-09T18:08:00Z,82.6,NaN,21.36,21.7,8.668587
2022-10-09T19:08:00Z,81.3,NaN,21.59,21.72,8.097541
2022-10-09T20:08:00Z,80.9,NaN,21.73,21.72,7.675687
2022-10-09T21:08:00Z,81.5,NaN,21.75,21.77,7.567651
2022-10-09T22:08:00Z,80.6,NaN,21.84,21.84,7.63453
2022-10-09T23:08:00Z,80.2,NaN,22.08,21.84,7.835168
2022-10-10T00:08:00Z,79.32,NaN,22.27,21.78,8.10783
2022-10-10T01:08:00Z,80.4,NaN,22.28,21.76,7.866036
2022-10-10T02:08:00Z,82.1,NaN,22.45,21.76,7.377302
2022-10-10T03:08:00Z,82.9,NaN,22.6,21.79,6.759955
2022-10-10T04:08:00Z,85.5,NaN,22.57,21.81,5.890524
2022-10-10T05:08:00Z,87.9,NaN,22.39,21.79,5.617862
2022-10-10T06:08:00Z,91.0,NaN,22.36,21.74,4.943924
2022-10-10T07:08:00Z,91.6,NaN,22.08,21.7,5.23202
2022-10-10T08:08:00Z,93.1,NaN,21.79,21.69,4.70213
2022-10-10T09:08:00Z,92.0,NaN,21.73,21.73,3.224612
2022-10-10T10:08:00Z,91.0,NaN,21.87,21.76,5.226875
2022-10-10T11:08:00Z,90.2,NaN,21.81,21.79,6.199197
2022-10-10T12:08:00Z,89.3,NaN,22.01,21.78,5.571561
2022-10-10T13:08:00Z,88.3,NaN,22.57,21.8,4.501492
2022-10-10T14:08:00Z,91.0,NaN,21.98,21.83,5.731042
2022-10-10T15:08:00Z,89.0,NaN,22.55,21.9,3.833728
2022-10-10T16:08:00Z,91.8,NaN,22.34,21.98,5.268032
2022-10-10T17:08:00Z,92.0,NaN,22.16,22.15,4.969647
2022-10-10T18:08:00Z,91.9,NaN,22.26,22.3,5.329766
2022-10-10T19:08:00Z,89.2,NaN,22.52,22.28,6.122029
2022-10-10T20:08:00Z,91.8,NaN,22.6,22.51,6.399835
2022-10-10T21:08:00Z,90.8,NaN,22.5,22.15,7.207532
2022-10-10T22:08:00Z,90.2,NaN,22.6,22.01,6.497582
2022-10-10T23:08:00Z,90.1,NaN,22.39,22.02,7.39788
2022-10-11T00:08:00Z,90.0,NaN,22.2,21.96,8.478239
2022-10-11T01:08:00Z,89.5,NaN,22.11,21.93,9.435127
2022-10-11T02:08:00Z,90.0,NaN,22.27,21.88,8.925815
2022-10-11T03:08:00Z,89.1,NaN,22.31,21.82,8.905237
2022-10-11T04:08:00Z,88.5,NaN,22.12,21.75,9.28079
2022-10-11T05:08:00Z,87.8,NaN,22.07,21.67,9.445416
2022-10-11T06:08:00Z,87.4,NaN,22.1,21.71,9.99074
2022-10-11T07:08:00Z,88.9,NaN,21.89,21.67,9.352814
2022-10-11T08:08:00Z,88.2,NaN,22.16,21.68,8.838358
2022-10-11T09:08:00Z,90.0,NaN,22.26,21.7,8.28789
2022-10-11T10:08:00Z,89.0,NaN,22.28,21.69,9.002984
2022-10-11T11:08:00Z,91.0,NaN,22.18,21.61,8.534829
2022-10-11T12:08:00Z,91.1,NaN,21.76,21.6,8.653154
2022-10-11T13:08:00Z,91.0,NaN,21.92,21.58,9.229345
2022-10-11T14:08:00Z,90.6,NaN,21.9,21.57,9.306513
2022-10-11T15:08:00Z,90.9,NaN,21.81,21.61,10.031896
2022-10-11T16:08:00Z,90.5,NaN,21.7,21.64,9.507151
2022-10-11T17:08:00Z,90.9,NaN,21.82,21.64,9.368248
2022-10-11T18:08:00Z,90.0,NaN,21.91,21.73,8.98755
2022-10-11T19:08:00Z,88.0,NaN,21.78,21.89,9.486573
2022-10-11T20:08:00Z,88.4,NaN,21.76,21.75,10.093631
2022-10-11T21:08:00Z,87.8,NaN,22.03,21.7,8.720033
2022-10-11T22:08:00Z,86.7,NaN,22.12,21.7,8.34448
2022-10-11T23:08:00Z,86.7,NaN,22.1,21.7,8.380492
2022-10-12T00:08:00Z,86.0,NaN,22.21,21.76,7.52135
2022-10-12T01:08:00Z,86.1,NaN,22.32,21.8,7.52135
2022-10-12T02:08:00Z,87.3,NaN,22.37,21.78,7.799156
2022-10-12T03:08:00Z,89.8,NaN,22.31,21.81,7.336146
2022-10-12T04:08:00Z,90.4,NaN,22.4,21.82,6.734232
2022-10-12T05:08:00Z,91.5,NaN,22.4,21.74,6.235209
2022-10-12T06:08:00Z,92.0,NaN,22.38,21.71,5.921391
2022-10-12T07:08:00Z,92.0,NaN,22.4,21.75,5.355489
2022-10-12T08:08:00Z,89.7,NaN,22.8,21.85,3.822924
2022-10-12T09:08:00Z,90.0,NaN,22.79,21.9,3.601194
2022-10-12T10:08:00Z,88.9,NaN,22.9,21.89,3.369688
2022-10-12T11:08:00Z,88.0,NaN,22.93,21.88,4.943924
2022-10-12T12:08:00Z,89.6,NaN,22.85,21.74,3.4057
2022-10-12T13:08:00Z,90.0,NaN,22.9,21.76,4.040025
2022-10-12T14:08:00Z,90.0,NaN,22.99,21.77,3.108344
2022-10-12T15:08:00Z,92.0,NaN,22.7,21.73,2.357753
2022-10-12T16:08:00Z,89.9,NaN,23.05,21.77,2.22811
2022-10-12T17:08:00Z,93.5,NaN,22.57,21.88,2.624756
2022-10-12T18:08:00Z,93.8,NaN,22.65,21.98,4.727853
2022-10-12T19:08:00Z,89.6,NaN,23.3,22.19,2.570223
2022-10-12T21:08:00Z,90.0,NaN,23.4,22.37,2.065027
2022-10-12T22:08:00Z,93.0,NaN,23.0,22.36,2.147855
2022-10-12T23:08:00Z,94.0,NaN,22.79,22.31,3.064101
2022-10-13T00:08:00Z,93.0,NaN,23.03,22.17,3.487499
2022-10-13T01:08:00Z,91.9,NaN,23.2,22.08,2.827966
2022-10-13T02:08:00Z,93.0,NaN,23.1,22.05,2.784752
2022-10-13T03:08:00Z,94.3,NaN,23.05,22.05,2.706554
2022-10-13T04:08:00Z,96.0,NaN,22.6,21.99,4.097129
2022-10-13T05:08:00Z,97.0,NaN,22.48,21.97,3.688137
2022-10-13T06:08:00Z,96.0,NaN,22.59,21.98,3.471551
2022-10-13T07:08:00Z,96.9,NaN,20.87,21.96,6.255788
2022-10-13T08:08:00Z,96.0,NaN,20.64,21.98,4.943924
2022-10-13T09:08:00Z,94.5,NaN,20.97,21.99,6.178619
2022-10-13T10:08:00Z,94.6,NaN,21.87,21.94,4.717564
2022-10-13T11:08:00Z,97.0,NaN,21.81,21.94,4.091985
2022-10-13T12:08:00Z,96.0,NaN,21.45,21.93,3.578557
2022-10-13T13:08:00Z,97.0,NaN,20.86,21.9,2.973557
2022-10-13T14:08:00Z,98.0,NaN,20.58,21.89,3.522996
2022-10-13T15:08:00Z,97.0,NaN,21.11,21.97,4.04414
2022-10-13T16:08:00Z,95.0,NaN,21.58,22.23,4.383167
2022-10-13T17:08:00Z,94.0,NaN,21.98,22.36,5.340056
2022-10-13T18:08:00Z,93.9,NaN,22.02,22.52,5.983126
2022-10-13T19:08:00Z,93.0,NaN,22.19,22.58,6.58504
2022-10-13T20:08:00Z,93.0,NaN,22.33,22.48,7.120074
2022-10-13T21:08:00Z,94.0,NaN,22.44,22.35,8.195288
2022-10-13T22:08:00Z,93.0,NaN,22.85,22.29,6.806256
2022-10-13T23:08:00Z,94.0,NaN,22.72,22.56,7.485338
2022-10-14T00:08:00Z,94.9,NaN,22.78,22.53,4.897623
2022-10-14T01:08:00Z,94.0,NaN,22.75,22.63,4.93878
2022-10-14T02:08:00Z,95.5,NaN,22.52,22.64,6.091162
2022-10-14T03:08:00Z,95.8,NaN,22.33,22.51,6.029427
2022-10-14T04:08:00Z,94.9,NaN,22.19,22.43,4.907912
2022-10-14T05:08:00Z,87.4,NaN,22.28,22.31,6.759955
2022-10-14T06:08:00Z,83.8,NaN,21.83,22.19,5.710464
2022-10-14T07:08:00Z,79.0,NaN,21.55,22.14,7.670542
2022-10-14T08:08:00Z,75.4,NaN,21.27,22.05,5.797922
2022-10-14T09:08:00Z,74.31,NaN,20.58,21.91,5.597284
2022-10-14T10:08:00Z,75.72,NaN,20.09,21.84,5.499537
2022-10-14T11:08:00Z,78.0,NaN,19.25,22.03,5.983126
2022-10-14T12:08:00Z,82.4,NaN,18.61,21.99,5.46867
2022-10-14T13:08:00Z,82.3,NaN,18.51,22.08,4.594094
2022-10-14T14:08:00Z,81.2,NaN,18.74,22.12,4.660973
2022-10-14T15:08:00Z,78.97,NaN,19.29,22.11,3.10783
2022-10-14T16:08:00Z,77.33,NaN,20.02,22.2,2.844428
2022-10-14T17:08:00Z,72.03,NaN,21.41,22.4,0.655932
2022-10-14T18:08:00Z,72.29,NaN,21.53,22.54,2.632987
2022-10-14T19:08:00Z,68.42,NaN,22.56,22.89,1.683815
2022-10-14T20:08:00Z,56.23,NaN,23.38,23.11,1.730631
2022-10-14T21:08:00Z,58.6,NaN,23.53,23.14,2.768289
2022-10-14T22:08:00Z,55.29,NaN,23.18,22.86,2.864492
2022-10-14T23:08:00Z,57.59,NaN,22.44,22.71,3.655726
2022-10-15T00:08:00Z,60.5,NaN,21.94,22.59,2.91388
2022-10-15T01:08:00Z,59.68,NaN,21.78,22.53,2.739479
2022-10-15T02:08:00Z,60.56,NaN,21.5,22.43,2.224509
2022-10-15T03:08:00Z,62.14,NaN,21.04,22.33,2.592345
2022-10-15T04:08:00Z,68.16,NaN,20.91,22.28,3.214322
2022-10-15T05:08:00Z,70.43,NaN,20.84,22.18,2.944747
2022-10-15T06:08:00Z,68.0,NaN,20.65,22.19,3.147958
2022-10-15T07:08:00Z,69.97,NaN,20.23,22.07,3.487499
2022-10-15T08:08:00Z,71.34,NaN,20.06,22.08,3.580101
2022-10-15T09:08:00Z,73.9,NaN,19.94,22.04,2.826422
2022-10-15T10:08:00Z,69.34,NaN,20.13,21.97,2.557876
2022-10-15T11:08:00Z,73.61,NaN,19.78,21.93,2.293446
2022-10-15T12:08:00Z,73.47,NaN,20.28,21.9,2.196214
2022-10-15T13:08:00Z,71.11,NaN,20.59,21.91,2.111328
2022-10-15T14:08:00Z,68.61,NaN,20.86,21.94,1.773845
2022-10-15T15:08:00Z,66.54,NaN,20.95,21.72,1.680728
2022-10-15T16:08:00Z,62.42,NaN,21.55,21.95,0.98364
2022-10-15T17:08:00Z,60.1,NaN,22.14,22.15,0.745447
2022-10-15T18:08:00Z,58.22,NaN,22.23,22.35,2.031588
2022-10-15T19:08:00Z,56.42,NaN,22.23,22.84,3.257537
2022-10-15T20:08:00Z,54.06,NaN,22.68,22.63,3.714374
2022-10-15T21:08:00Z,54.36,NaN,22.81,22.5,4.295709
2022-10-15T22:08:00Z,57.05,NaN,22.82,22.42,3.454059
2022-10-15T23:08:00Z,57.19,NaN,22.53,22.28,3.738553
2022-10-16T01:08:00Z,58.83,NaN,22.63,22.44,3.863566
2022-10-16T02:08:00Z,62.02,NaN,22.6,22.24,2.482766
2022-10-16T03:08:00Z,69.43,NaN,22.31,22.15,2.807388
2022-10-16T04:08:00Z,70.94,NaN,22.34,22.12,2.969956
2022-10-16T05:08:00Z,75.03,NaN,22.09,22.0,1.943101
2022-10-16T06:08:00Z,77.05,NaN,22.07,21.98,3.005968
2022-10-16T07:08:00Z,77.04,NaN,22.15,21.96,3.030147
2022-10-16T08:08:00Z,80.3,NaN,22.08,21.95,2.887128
2022-10-16T09:08:00Z,87.3,NaN,21.71,21.86,2.726618
2022-10-16T10:08:00Z,84.5,NaN,21.33,21.77,3.086737
2022-10-16T11:08:00Z,85.9,NaN,20.9,21.74,3.394897
2022-10-16T12:08:00Z,85.7,NaN,19.77,21.72,3.542031
2022-10-16T13:08:00Z,84.5,NaN,19.79,21.73,3.645951
2022-10-16T14:08:00Z,82.4,NaN,20.58,21.77,3.863566
2022-10-16T15:08:00Z,73.64,NaN,21.79,21.88,3.916041
2022-10-16T16:08:00Z,67.26,NaN,22.71,22.12,1.774874
2022-10-16T17:08:00Z,69.7,NaN,23.01,22.44,2.407141
2022-10-16T18:08:00Z,70.3,NaN,23.49,22.81,2.87581
2022-10-16T19:08:00Z,73.72,NaN,23.24,23.02,4.076037
2022-10-16T20:08:00Z,74.3,NaN,23.13,22.94,4.640395
2022-10-16T21:08:00Z,76.03,NaN,23.19,22.89,5.52526
2022-10-16T22:08:00Z,73.09,NaN,23.41,22.84,5.746476
2022-10-16T23:08:00Z,75.31,NaN,23.21,22.75,5.360634
2022-10-17T00:08:00Z,78.12,NaN,23.08,22.56,5.298899
2022-10-17T01:08:00Z,74.71,NaN,23.18,22.4,5.828789
2022-10-17T02:08:00Z,77.99,NaN,23.09,22.22,5.041671
2022-10-17T03:08:00Z,80.4,NaN,23.15,22.25,6.559317
2022-10-17T04:08:00Z,79.41,NaN,23.25,22.36,6.214631
2022-10-17T05:08:00Z,78.0,NaN,23.31,22.35,6.93487
2022-10-17T06:08:00Z,81.2,NaN,23.23,22.45,7.289845
2022-10-17T07:08:00Z,86.2,NaN,23.1,22.45,6.255788
2022-10-17T08:08:00Z,88.1,NaN,23.0,22.37,6.554172
2022-10-17T09:08:00Z,90.9,NaN,22.82,22.35,6.693075
2022-10-17T10:08:00Z,91.1,NaN,22.85,22.35,6.58504
2022-10-17T11:08:00Z,92.0,NaN,22.82,22.35,6.127174
2022-10-17T13:08:00Z,91.2,NaN,22.51,22.36,7.186953
2022-10-17T14:08:00Z,91.7,NaN,22.62,22.4,7.809445
2022-10-17T15:08:00Z,92.2,NaN,22.56,22.43,7.675687
2022-10-17T16:08:00Z,91.8,NaN,22.68,22.48,8.735467
2022-10-17T17:08:00Z,91.6,NaN,22.84,22.66,9.095586
2022-10-17T18:08:00Z,91.9,NaN,22.91,22.73,9.100731
2022-10-17T19:08:00Z,92.6,NaN,23.03,22.74,8.941249
2022-10-17T20:08:00Z,92.1,NaN,23.33,22.75,8.519395
2022-10-17T21:08:00Z,93.0,NaN,23.4,22.76,9.193333
2022-10-17T22:08:00Z,93.0,NaN,23.5,22.9,8.215866
2022-10-17T23:08:00Z,93.0,NaN,23.56,22.84,8.313613
2022-10-18T00:08:00Z,93.0,NaN,23.7,22.83,8.617142
2022-10-18T01:08:00Z,94.0,NaN,23.7,22.82,8.910382
2022-10-18T02:08:00Z,94.0,NaN,23.68,22.8,9.728367
2022-10-18T03:08:00Z,93.0,NaN,23.54,22.81,9.728367
2022-10-18T04:08:00Z,91.7,NaN,23.65,22.81,9.671777
2022-10-18T05:08:00Z,93.1,NaN,23.32,22.84,8.030662
2022-10-18T06:08:00Z,83.5,NaN,23.1,22.85,8.293034
2022-10-18T07:08:00Z,82.0,NaN,22.03,22.81,8.184998
2022-10-18T08:08:00Z,79.76,NaN,20.88,22.83,7.469904
2022-10-18T09:08:00Z,72.91,NaN,19.77,22.82,7.516205
2022-10-18T10:08:00Z,65.54,NaN,19.16,22.77,6.646774
2022-10-18T11:08:00Z,69.09,NaN,18.49,22.67,7.207532
2022-10-18T12:08:00Z,73.95,NaN,16.91,22.66,8.385636
2022-10-18T13:08:00Z,71.64,NaN,15.7,22.65,9.414549
2022-10-18T14:08:00Z,70.8,NaN,15.35,22.66,7.161231
2022-10-18T15:08:00Z,65.63,NaN,15.71,22.67,5.3452
2022-10-18T16:08:00Z,63.43,NaN,16.23,22.72,4.045684
2022-10-18T17:08:00Z,61.03,NaN,16.84,22.8,2.739479
2022-10-18T18:08:00Z,59.01,NaN,17.36,22.89,4.203107
2022-10-18T19:08:00Z,53.0,NaN,17.74,22.91,4.70213
2022-10-18T20:08:00Z,55.86,NaN,17.93,22.82,4.722708
2022-10-18T21:08:00Z,56.27,NaN,17.83,22.75,5.890524
2022-10-18T22:08:00Z,59.05,NaN,17.14,22.65,8.05124
2022-10-18T23:08:00Z,58.68,NaN,16.46,22.59,8.215866
2022-10-19T00:08:00Z,61.7,NaN,16.11,22.54,8.565696
2022-10-19T01:08:00Z,64.74,NaN,15.11,22.51,10.536063
2022-10-19T02:08:00Z,59.11,NaN,14.16,22.39,10.001029
2022-10-19T03:08:00Z,62.14,NaN,13.85,22.46,8.63772
2022-10-19T04:08:00Z,60.26,NaN,13.81,22.42,8.956683
2022-10-19T05:08:00Z,71.78,NaN,12.01,22.35,10.736701
2022-10-19T06:08:00Z,73.18,NaN,11.09,22.21,12.69678
2022-10-19T07:08:00Z,74.96,NaN,10.38,22.13,11.564976
2022-10-19T08:08:00Z,74.34,NaN,9.82,21.97,10.752135
2022-10-19T09:08:00Z,74.55,NaN,9.41,21.9,10.083342
2022-10-19T10:08:00Z,73.97,NaN,9.25,21.78,9.903282
2022-10-19T11:08:00Z,75.24,NaN,8.97,21.66,9.172754
2022-10-19T12:08:00Z,75.03,NaN,9.03,21.59,7.675687
2022-10-19T13:08:00Z,67.81,NaN,9.44,21.55,7.222965
2022-10-19T14:08:00Z,60.7,NaN,10.43,21.43,7.392736
2022-10-19T15:08:00Z,57.24,NaN,10.84,21.11,5.52526
2022-10-19T16:08:00Z,51.94,NaN,11.61,21.26,4.769009
2022-10-19T17:08:00Z,50.09,NaN,12.65,21.31,4.455191
2022-10-19T18:08:00Z,49.67,NaN,13.47,21.68,4.475769
2022-10-19T19:08:00Z,53.17,NaN,14.03,21.78,5.036526
2022-10-19T20:08:00Z,51.59,NaN,14.71,21.83,2.324828
2022-10-19T21:08:00Z,50.56,NaN,15.24,21.81,3.274514
2022-10-19T22:08:00Z,54.15,NaN,15.12,21.71,5.144562
2022-10-19T23:08:00Z,56.05,NaN,14.8,21.49,5.324622
2022-10-20T00:08:00Z,54.01,NaN,14.85,21.41,4.06369
2022-10-20T01:08:00Z,54.44,NaN,14.93,21.37,3.133038
2022-10-20T02:08:00Z,50.77,NaN,15.02,21.4,3.219981
2022-10-20T03:08:00Z,50.32,NaN,15.06,21.4,3.58113
2022-10-20T04:08:00Z,52.52,NaN,14.91,21.39,3.371232
2022-10-20T05:08:00Z,50.26,NaN,14.89,21.47,2.143739
2022-10-20T06:08:00Z,51.04,NaN,14.89,21.45,1.196625
2022-10-20T07:08:00Z,52.05,NaN,15.1,21.41,1.907089
2022-10-20T08:08:00Z,49.79,NaN,15.09,21.41,0.985184
2022-10-20T09:08:00Z,46.66,NaN,15.21,21.47,1.519189
2022-10-20T10:08:00Z,46.28,NaN,15.24,21.46,0.975409
2022-10-20T11:08:00Z,47.43,NaN,15.25,NaN,1.139521
2022-10-20T12:08:00Z,52.69,NaN,15.37,21.35,3.053812
2022-10-20T13:08:00Z,49.13,NaN,15.67,21.26,2.537813
2022-10-20T14:08:00Z,48.7,NaN,15.93,21.21,1.856158
2022-10-20T15:08:00Z,49.69,NaN,16.17,NaN,1.731145
2022-10-20T16:08:00Z,50.99,NaN,16.37,21.51,1.299516
2022-10-20T17:08:00Z,51.75,NaN,16.69,21.72,1.458998
2022-10-20T18:08:00Z,52.23,NaN,17.52,21.82,0.979525
2022-10-20T19:08:00Z,56.13,NaN,17.24,21.96,2.1566
2022-10-20T20:08:00Z,54.75,NaN,17.61,22.19,3.134582
2022-10-20T21:08:00Z,55.45,NaN,17.81,21.86,3.159276
2022-10-20T22:08:00Z,56.27,NaN,17.82,21.9,3.312584
2022-10-20T23:08:00Z,56.58,NaN,17.68,21.81,2.982303
2022-10-21T00:08:00Z,54.7,NaN,17.74,21.62,3.059471
2022-10-21T01:08:00Z,54.11,NaN,17.84,21.42,2.640704
2022-10-21T02:08:00Z,53.9,NaN,17.94,21.4,1.559317
2022-10-21T03:08:00Z,54.2,NaN,17.9,21.39,1.897315
2022-10-21T04:08:00Z,61.16,NaN,17.65,21.35,3.170594
2022-10-21T05:08:00Z,59.08,NaN,17.56,21.33,2.592345
2022-10-21T06:08:00Z,68.48,NaN,16.95,21.37,3.270398
2022-10-21T07:08:00Z,62.92,NaN,17.04,21.45,3.603251
2022-10-21T08:08:00Z,74.5,NaN,16.28,21.35,4.249408
2022-10-21T09:08:00Z,69.86,NaN,16.64,21.34,3.582159
2022-10-21T10:08:00Z,74.18,NaN,15.6,21.31,3.990122
2022-10-21T11:08:00Z,70.75,NaN,15.64,21.27,4.269987
2022-10-21T12:08:00Z,67.07,NaN,16.04,21.28,4.249408
2022-10-21T13:08:00Z,66.16,NaN,16.4,21.22,4.367733
2022-10-21T14:08:00Z,67.54,NaN,16.1,21.2,4.866756
2022-10-21T15:08:00Z,56.46,NaN,17.17,21.2,3.622801
2022-10-21T16:08:00Z,48.89,NaN,17.67,21.29,5.134273
2022-10-21T17:08:00Z,50.24,NaN,18.03,21.31,4.011215
2022-10-21T18:08:00Z,50.01,NaN,18.27,21.4,4.136228
2022-10-21T19:08:00Z,48.68,NaN,18.42,21.43,4.419179
2022-10-21T20:08:00Z,49.52,NaN,18.6,21.52,4.383167
2022-10-21T21:08:00Z,55.05,NaN,18.65,21.45,5.087972
2022-10-21T22:08:00Z,51.28,NaN,18.85,21.42,4.203107
2022-10-21T23:08:00Z,53.92,NaN,19.0,21.39,4.990225
2022-10-22T00:08:00Z,52.41,NaN,19.08,21.34,5.144562
2022-10-22T01:08:00Z,53.87,NaN,19.07,21.29,5.211442
2022-10-22T02:08:00Z,57.78,NaN,18.81,21.26,4.75872
2022-10-22T03:08:00Z,60.15,NaN,18.59,21.2,4.470625
2022-10-22T04:08:00Z,67.24,NaN,18.03,21.13,3.834757
2022-10-22T05:08:00Z,64.28,NaN,17.75,21.08,4.81531
2022-10-22T06:08:00Z,72.75,NaN,16.44,21.06,5.123984
2022-10-22T07:08:00Z,74.98,NaN,15.99,21.04,5.787632
2022-10-22T08:08:00Z,74.3,NaN,15.58,21.07,6.307233
2022-10-22T09:08:00Z,72.47,NaN,15.39,21.07,6.893713
2022-10-22T10:08:00Z,70.87,NaN,15.34,21.05,6.924581
2022-10-22T11:08:00Z,68.63,NaN,15.79,20.99,7.644819
2022-10-22T12:08:00Z,72.49,NaN,15.92,20.95,6.816545
2022-10-22T13:08:00Z,74.68,NaN,15.31,20.9,7.032617
2022-10-22T14:08:00Z,75.52,NaN,16.58,20.88,7.732277
2022-10-22T15:08:00Z,70.19,NaN,18.15,20.85,7.541928
2022-10-22T16:08:00Z,68.76,NaN,19.06,20.78,7.053195
2022-10-22T17:08:00Z,70.68,NaN,20.15,20.76,6.446136
2022-10-22T18:08:00Z,74.28,NaN,20.61,20.71,5.355489
2022-10-22T19:08:00Z,78.76,NaN,20.86,20.66,3.278629
2022-10-22T20:08:00Z,79.88,NaN,21.26,20.78,1.666838
2022-10-22T21:08:00Z,79.44,NaN,21.55,20.77,3.648524
2022-10-22T22:08:00Z,80.2,NaN,21.72,20.88,5.087972
2022-10-22T23:08:00Z,82.3,NaN,21.22,20.96,2.716329
2022-10-23T00:08:00Z,79.87,NaN,20.74,20.81,2.911308
2022-10-23T01:08:00Z,80.7,NaN,20.01,20.66,4.563227
2022-10-23T02:08:00Z,78.81,NaN,19.66,20.29,5.201152
2022-10-23T03:08:00Z,80.9,NaN,19.17,20.37,5.252598
2022-10-23T04:08:00Z,84.3,NaN,19.13,20.55,5.082827
2022-10-23T05:08:00Z,85.9,NaN,18.13,20.56,5.895668
2022-10-23T06:08:00Z,87.0,NaN,18.51,20.53,5.514971
2022-10-23T07:08:00Z,88.5,NaN,17.29,20.57,6.235209
2022-10-23T08:08:00Z,86.8,NaN,17.68,20.64,6.410124
2022-10-23T09:08:00Z,86.1,NaN,17.91,20.65,6.621052
2022-10-23T10:08:00Z,84.8,NaN,17.62,20.65,6.770244
2022-10-23T11:08:00Z,83.7,NaN,17.41,20.63,6.430703
2022-10-23T12:08:00Z,82.8,NaN,16.72,20.6,7.52135
2022-10-23T13:08:00Z,77.91,NaN,17.32,20.57,8.262167
2022-10-23T14:08:00Z,76.72,NaN,17.04,20.59,7.17152
2022-10-23T15:08:00Z,71.71,NaN,18.13,20.54,5.962548
2022-10-23T16:08:00Z,69.87,NaN,19.25,20.24,4.763865
2022-10-23T17:08:00Z,65.39,NaN,20.57,20.13,3.801317
2022-10-23T18:08:00Z,61.04,NaN,21.44,20.84,3.566725
2022-10-23T19:08:00Z,59.22,NaN,22.09,21.35,2.843914
2022-10-23T20:08:00Z,60.68,NaN,22.47,21.4,2.825394
2022-10-23T21:08:00Z,62.37,NaN,22.52,21.33,2.68186
2022-10-23T22:08:00Z,60.03,NaN,22.27,21.32,4.305999
2022-10-23T23:08:00Z,62.75,NaN,21.64,21.0,3.46229
2022-10-24T00:08:00Z,68.44,NaN,21.0,21.01,2.962239
2022-10-24T01:08:00Z,71.07,NaN,20.52,20.88,2.181809
2022-10-24T02:08:00Z,68.1,NaN,20.33,20.98,2.645334
2022-10-24T03:08:00Z,65.23,NaN,20.11,20.84,3.487499
2022-10-24T04:08:00Z,67.49,NaN,19.61,20.75,3.319272
2022-10-24T05:08:00Z,72.77,NaN,19.17,20.7,3.205062
2022-10-24T06:08:00Z,75.43,NaN,18.07,20.65,3.445313
2022-10-24T07:08:00Z,73.5,NaN,17.82,20.58,3.980862
2022-10-24T08:08:00Z,75.93,NaN,17.24,20.51,4.491203
2022-10-24T09:08:00Z,72.8,NaN,17.06,20.54,4.897623
2022-10-24T10:08:00Z,78.23,NaN,17.12,20.51,4.887334
2022-10-24T11:08:00Z,83.9,NaN,16.82,20.53,4.331721
2022-10-24T12:08:00Z,88.1,NaN,16.08,20.57,4.035909
2022-10-24T13:08:00Z,88.8,NaN,16.45,20.55,3.608396
2022-10-24T14:08:00Z,89.0,NaN,16.46,20.4,4.367733
2022-10-24T15:08:00Z,87.4,NaN,17.39,20.46,4.007614
2022-10-24T16:08:00Z,87.1,NaN,18.07,20.53,3.559523
2022-10-24T17:08:00Z,84.1,NaN,18.56,20.7,3.168536
2022-10-24T18:08:00Z,82.4,NaN,19.08,21.01,2.341805
2022-10-24T19:08:00Z,78.59,NaN,19.94,21.3,1.527935
2022-10-24T20:08:00Z,77.65,NaN,20.37,21.39,2.096924
2022-10-24T21:08:00Z,77.66,NaN,20.26,21.61,2.34129
2022-10-24T22:08:00Z,82.3,NaN,19.97,21.58,3.136125
2022-10-24T23:08:00Z,87.4,NaN,19.56,21.01,5.216586
2022-10-25T00:08:00Z,89.1,NaN,19.37,20.85,4.450046
2022-10-25T01:08:00Z,90.0,NaN,19.28,20.77,2.984875
2022-10-25T02:08:00Z,89.1,NaN,19.27,20.7,2.147855
2022-10-25T03:08:00Z,88.0,NaN,19.13,20.72,1.737833
2022-10-25T04:08:00Z,88.8,NaN,19.01,20.61,2.479679
2022-10-25T05:08:00Z,89.8,NaN,18.88,20.59,1.240354
2022-10-25T06:08:00Z,89.7,NaN,18.68,20.6,0.932709
2022-10-25T07:08:00Z,91.2,NaN,18.69,20.71,1.927667
2022-10-25T08:08:00Z,96.0,NaN,17.94,20.68,2.996193
2022-10-25T09:08:00Z,96.0,NaN,17.64,20.7,2.627328
2022-10-25T10:08:00Z,96.0,NaN,17.31,20.7,3.052783
2022-10-25T11:08:00Z,97.0,NaN,17.23,20.66,3.057928
2022-10-25T12:08:00Z,98.0,NaN,16.25,20.63,3.605309
2022-10-25T13:08:00Z,99.0,NaN,15.31,20.57,3.629489
2022-10-25T14:08:00Z,99.0,NaN,15.73,20.65,2.717872
2022-10-25T15:08:00Z,96.6,NaN,17.81,20.64,2.834139
2022-10-25T16:08:00Z,94.0,NaN,18.86,20.69,2.347464
2022-10-25T17:08:00Z,92.5,NaN,19.71,20.86,4.269987
2022-10-25T18:08:00Z,93.0,NaN,19.84,20.9,4.516926
2022-10-25T19:08:00Z,92.4,NaN,19.96,21.06,4.516926
2022-10-25T20:08:00Z,90.0,NaN,20.27,21.13,4.244264
2022-10-25T21:08:00Z,89.7,NaN,20.5,21.11,4.120794
2022-10-25T22:08:00Z,90.1,34.66,20.56,21.01,3.986521
2022-10-25T23:08:00Z,89.9,34.66,20.7,20.9,4.052886
2022-10-26T00:08:00Z,91.0,34.67,20.89,20.89,5.412079
2022-10-26T01:08:00Z,88.6,34.66,21.3,20.89,4.398601
2022-10-26T02:08:00Z,85.6,34.64,21.4,20.81,2.578969
2022-10-26T03:08:00Z,84.5,34.63,21.23,20.72,2.66334
2022-10-26T04:08:00Z,82.5,34.63,20.78,20.69,3.259595
2022-10-26T05:08:00Z,84.2,34.62,20.77,20.68,2.322255
2022-10-26T06:08:00Z,87.7,34.62,20.6,20.65,0.860171
2022-10-26T07:08:00Z,88.5,34.64,20.61,20.7,1.541311
2022-10-26T08:08:00Z,90.1,34.65,20.6,20.73,1.291285
2022-10-26T09:08:00Z,91.0,34.66,20.73,20.77,1.297459
2022-10-26T10:08:00Z,92.0,34.67,20.75,20.78,0.803581
2022-10-26T11:08:00Z,94.0,34.67,20.85,20.79,1.450767
2022-10-26T12:08:00Z,93.8,34.67,21.5,20.83,1.90606
2022-10-26T13:08:00Z,92.1,34.7,22.07,20.88,3.322873
2022-10-26T14:08:00Z,93.1,34.68,21.8,20.93,2.664369
2022-10-26T15:08:00Z,91.1,34.62,22.09,20.93,3.284803
2022-10-26T16:08:00Z,91.0,34.58,22.2,20.92,4.161951
2022-10-26T17:08:00Z,92.0,34.56,22.1,20.93,4.748431
2022-10-26T18:08:00Z,91.2,34.54,22.16,20.83,4.635251
2022-10-26T19:08:00Z,90.6,34.53,22.18,20.89,6.230065
2022-10-26T20:08:00Z,90.0,34.54,22.29,20.9,5.890524
2022-10-26T21:08:00Z,90.8,34.55,22.3,20.96,5.540693
2022-10-26T22:08:00Z,91.0,34.56,22.33,21.0,4.794732
2022-10-26T23:08:00Z,94.0,34.58,21.9,21.02,4.475769
2022-10-27T00:08:00Z,95.0,34.6,21.86,20.96,4.311143
2022-10-27T01:08:00Z,95.0,34.59,21.9,20.99,4.738142
2022-10-27T02:08:00Z,95.0,34.62,22.0,21.1,4.22883
2022-10-27T03:08:00Z,97.0,34.64,21.43,21.18,3.080564
2022-10-27T04:08:00Z,97.0,34.54,21.0,21.01,2.42669
2022-10-27T05:08:00Z,98.0,34.53,20.66,20.88,2.731763
2022-10-27T06:08:00Z,95.3,34.55,20.21,20.84,5.556127
2022-10-27T07:08:00Z,93.7,34.58,20.23,20.85,6.379257
2022-10-27T08:08:00Z,95.1,34.6,19.72,20.91,6.554172
2022-10-27T09:08:00Z,96.0,34.62,19.46,20.97,7.57794
2022-10-27T10:08:00Z,91.8,34.63,19.49,20.99,9.332236
2022-10-27T11:08:00Z,93.7,34.65,18.81,20.99,8.622286
2022-10-27T12:08:00Z,93.9,34.66,17.9,20.98,7.891758
2022-10-27T13:08:00Z,93.0,34.68,17.29,20.99,8.226155
2022-10-27T14:08:00Z,91.9,34.69,17.33,21.0,7.557362
2022-10-27T15:08:00Z,91.2,34.67,17.76,20.98,7.794012
2022-10-27T16:08:00Z,91.1,34.63,18.57,20.95,9.440272
2022-10-27T17:08:00Z,92.3,34.59,18.63,20.9,9.774668
2022-10-27T18:08:00Z,91.1,34.57,19.08,20.81,9.198477
2022-10-27T19:08:00Z,89.5,34.56,19.57,20.77,8.714888
2022-10-27T20:08:00Z,88.4,34.59,19.88,20.78,8.092396
2022-10-27T21:08:00Z,88.8,34.62,19.92,20.82,8.226155
2022-10-27T22:08:00Z,89.2,34.65,19.47,20.84,8.545118
2022-10-27T23:08:00Z,90.0,34.64,19.17,20.81,8.025517
2022-10-28T00:08:00Z,89.5,34.64,19.39,20.78,7.372158
2022-10-28T01:08:00Z,89.7,34.64,19.3,20.74,5.93168
2022-10-28T02:08:00Z,88.9,34.63,19.39,20.69,6.986315
2022-10-28T03:08:00Z,86.5,34.63,19.89,20.69,8.370203
2022-10-28T04:08:00Z,86.2,34.62,19.65,20.61,9.496862
2022-10-28T05:08:00Z,85.4,34.62,19.47,20.54,8.894948
2022-10-28T06:08:00Z,85.1,34.61,19.35,20.46,9.63062
2022-10-28T07:08:00Z,85.8,34.6,19.08,20.38,11.390061
2022-10-28T08:08:00Z,86.0,34.58,18.82,20.21,10.566931
2022-10-28T09:08:00Z,87.6,34.59,18.51,20.13,10.505196
2022-10-28T10:08:00Z,88.0,34.56,18.03,20.06,10.031896
2022-10-28T11:08:00Z,87.5,34.61,17.14,20.02,7.433892
2022-10-28T12:08:00Z,88.2,34.63,17.11,20.09,9.471139
2022-10-28T13:08:00Z,89.3,34.63,16.96,20.17,9.255067
2022-10-28T14:08:00Z,90.3,34.64,16.75,20.19,8.961827
2022-10-28T15:08:00Z,89.5,34.65,16.93,20.22,8.154131
2022-10-28T16:08:00Z,90.1,34.66,17.79,20.21,7.835168
2022-10-28T17:08:00Z,88.6,34.68,18.4,20.23,7.603663
2022-10-28T18:08:00Z,86.3,34.72,18.79,20.27,8.128408
2022-10-28T19:08:00Z,87.5,34.76,18.25,20.28,9.131598
2022-10-28T20:08:00Z,89.7,34.8,17.43,20.28,9.002984
2022-10-28T21:08:00Z,91.0,34.8,17.63,20.26,8.467949
2022-10-28T22:08:00Z,91.7,34.79,17.94,20.22,9.219055
2022-10-28T23:08:00Z,92.8,34.77,17.71,20.11,9.183044
2022-10-29T00:08:00Z,93.2,34.76,17.7,20.1,10.551497
2022-10-29T01:08:00Z,96.0,34.76,17.31,20.11,8.915526
2022-10-29T02:08:00Z,97.2,34.77,16.83,20.13,8.179854
2022-10-29T03:08:00Z,96.2,34.77,16.76,20.12,8.941249
2022-10-29T04:08:00Z,95.1,34.78,17.04,20.13,9.476284
2022-10-29T05:08:00Z,97.2,34.78,16.52,20.15,9.40426
2022-10-29T06:08:00Z,97.0,34.84,16.79,20.27,9.604898
2022-10-29T07:08:00Z,97.1,34.83,16.7,20.27,9.419693
2022-10-29T08:08:00Z,97.1,34.84,16.75,20.24,9.774668
2022-10-29T09:08:00Z,97.1,34.85,16.64,20.25,9.738656
2022-10-29T10:08:00Z,97.1,34.81,16.54,20.18,8.066674
2022-10-29T11:08:00Z,97.0,34.79,16.33,20.15,8.169565
2022-10-29T12:08:00Z,96.0,34.8,16.39,20.16,8.159276
2022-10-29T13:08:00Z,96.1,34.83,16.35,20.17,7.984361
2022-10-29T14:08:00Z,96.3,34.89,16.46,20.22,8.035806
2022-10-29T15:08:00Z,95.4,34.9,16.64,20.23,7.799156
2022-10-29T16:08:00Z,93.6,34.91,17.22,20.24,8.082107
2022-10-29T17:08:00Z,94.1,34.89,17.24,20.23,8.503961
2022-10-29T18:08:00Z,94.0,34.89,17.32,20.23,9.049285
2022-10-29T19:08:00Z,93.7,34.86,17.56,20.2,8.112975
2022-10-29T20:08:00Z,94.3,34.9,17.55,20.25,9.105875
2022-10-29T21:08:00Z,96.1,34.9,17.23,20.28,8.961827
2022-10-29T22:08:00Z,97.1,34.92,17.03,20.3,7.46476
2022-10-29T23:08:00Z,97.0,34.88,17.16,20.29,6.775388
2022-10-30T00:08:00Z,96.4,34.61,17.27,20.15,7.727132
2022-10-30T01:08:00Z,96.2,34.66,17.53,20.17,8.411359
2022-10-30T02:08:00Z,96.1,34.68,17.52,20.17,8.05124
2022-10-30T03:08:00Z,95.7,34.7,17.94,20.18,8.966972
2022-10-30T04:08:00Z,94.9,34.71,18.12,20.18,9.141887
2022-10-30T05:08:00Z,94.5,34.72,18.13,20.16,9.661488
2022-10-30T06:08:00Z,95.1,34.77,18.33,20.2,8.982406
2022-10-30T07:08:00Z,94.8,34.83,18.41,20.25,8.828069
2022-10-30T08:08:00Z,94.8,34.74,18.54,20.17,9.419693
2022-10-30T09:08:00Z,95.1,34.78,18.79,20.14,10.22739
2022-10-30T10:08:00Z,95.6,34.7,18.64,20.03,10.597798
2022-10-30T11:08:00Z,95.4,34.63,18.28,19.96,10.392016
2022-10-30T12:08:00Z,94.1,34.68,18.13,19.96,10.28398
2022-10-30T14:08:00Z,96.0,34.9,18.12,20.16,9.208766
2022-10-30T15:08:00Z,97.0,34.93,18.02,20.23,9.476284
2022-10-30T16:08:00Z,96.5,34.94,18.04,20.27,9.188188
2022-10-30T17:08:00Z,96.1,34.94,18.08,20.28,9.368248
2022-10-30T18:08:00Z,96.0,34.89,18.06,20.2,8.591419
2022-10-30T19:08:00Z,97.0,34.77,17.73,20.07,8.956683
2022-10-30T20:08:00Z,97.0,34.65,17.73,19.97,7.804301
2022-10-30T21:08:00Z,96.9,34.56,18.02,19.96,8.035806
2022-10-30T22:08:00Z,96.0,34.53,18.12,19.96,8.982406
2022-10-30T23:08:00Z,91.9,34.46,18.6,19.9,8.81778
2022-10-31T00:08:00Z,93.0,34.33,18.34,19.83,7.742566
2022-10-31T01:08:00Z,92.5,34.3,18.79,19.83,7.320712
2022-10-31T02:08:00Z,91.9,34.35,19.38,19.87,6.986315
2022-10-31T03:08:00Z,89.4,34.47,19.84,19.94,8.550262
2022-10-31T04:08:00Z,90.3,34.56,19.83,19.98,7.449326
2022-10-31T05:08:00Z,91.5,34.57,19.97,19.99,7.294989
2022-10-31T06:08:00Z,94.0,34.57,20.02,19.98,6.713654
2022-10-31T07:08:00Z,96.0,34.56,20.14,19.98,6.019138
2022-10-31T08:08:00Z,96.4,34.56,20.3,19.97,6.013993
2022-10-31T09:08:00Z,97.0,34.54,20.15,19.97,5.046816
2022-10-31T10:08:00Z,97.0,34.48,20.2,19.97,4.630106
2022-10-31T11:08:00Z,98.0,34.47,20.36,19.97,4.861611
2022-10-31T12:08:00Z,98.0,34.55,20.59,20.01,4.542648
2022-10-31T13:08:00Z,97.4,34.58,20.95,19.98,4.362589
2022-10-31T14:08:00Z,97.0,34.52,21.36,19.9,2.732277
2022-10-31T15:08:00Z,95.2,34.54,21.95,19.9,2.084062
2022-10-31T16:08:00Z,94.9,34.61,22.28,20.37,1.401379
2022-10-31T17:08:00Z,90.1,34.64,23.62,20.85,0.949172
2022-10-31T18:08:00Z,92.0,34.6,22.4,20.97,3.895977
2022-10-31T19:08:00Z,91.0,34.61,23.05,20.88,1.360737
2022-10-31T20:08:00Z,92.0,34.54,22.72,20.84,2.586686
2022-10-31T21:08:00Z,90.8,34.54,23.42,21.08,0.912131
2022-10-31T22:08:00Z,91.0,34.52,23.18,20.91,0.720239
2022-10-31T23:08:00Z,94.3,34.49,22.15,21.08,1.990946
2022-11-01T00:08:00Z,95.0,34.48,21.8,21.1,3.303323
2022-11-01T01:08:00Z,97.0,34.48,21.85,21.06,3.232843
2022-11-01T02:08:00Z,97.0,34.49,21.79,20.84,2.697294
2022-11-01T03:08:00Z,97.0,34.51,21.5,20.73,2.328429
2022-11-01T04:08:00Z,97.0,34.53,21.66,20.63,2.039819
2022-11-01T05:08:00Z,97.0,34.55,21.6,20.51,2.479679
2022-11-01T06:08:00Z,98.0,34.56,21.53,20.43,2.369585
2022-11-01T07:08:00Z,98.0,34.55,21.6,20.29,2.276469
2022-11-01T08:08:00Z,97.8,34.52,21.61,20.28,2.491511
2022-11-01T09:08:00Z,97.3,34.51,21.22,20.3,2.037761
2022-11-01T10:08:00Z,98.0,34.47,21.13,20.39,2.324313
2022-11-01T11:08:00Z,98.0,34.45,21.04,20.29,2.557362
2022-11-01T12:08:00Z,98.0,34.46,21.09,20.41,3.233357
2022-11-01T13:08:00Z,99.0,34.45,20.94,20.34,1.986315
2022-11-01T14:08:00Z,98.4,34.45,20.88,20.45,1.906575
2022-11-01T15:08:00Z,98.0,34.45,20.96,20.48,2.917481
2022-11-01T16:08:00Z,97.0,34.49,21.03,20.42,2.868608
2022-11-01T17:08:00Z,95.0,34.49,21.56,20.57,1.249614
2022-11-01T18:08:00Z,90.1,34.48,23.08,20.81,0.674452
2022-11-01T19:08:00Z,92.0,34.46,22.28,20.93,1.904002
2022-11-01T20:08:00Z,93.0,34.45,22.04,20.91,3.728264
2022-11-01T21:08:00Z,93.5,34.44,22.07,21.86,2.851116
2022-11-01T22:08:00Z,95.0,34.42,21.72,21.58,1.817059
2022-11-01T23:08:00Z,96.0,34.29,21.4,21.51,1.277909
2022-11-02T00:08:00Z,96.0,34.25,21.27,21.25,2.066056
2022-11-02T01:08:00Z,84.3,34.2,21.21,21.05,3.397469
2022-11-02T02:08:00Z,84.2,34.22,20.5,20.77,4.732997
2022-11-02T03:08:00Z,83.8,34.31,20.46,20.47,4.444902
2022-11-02T04:08:00Z,82.4,34.38,20.34,20.46,4.187674
2022-11-02T05:08:00Z,84.1,34.46,19.69,20.58,3.941764
2022-11-02T06:08:00Z,86.4,34.48,19.25,20.6,3.974174
2022-11-02T07:08:00Z,87.0,34.51,19.18,20.63,4.594094
2022-11-02T08:08:00Z,88.1,34.54,18.97,20.59,3.961313
2022-11-02T09:08:00Z,89.5,34.54,18.54,20.5,4.290565
2022-11-02T10:08:00Z,88.1,34.49,18.86,20.2,5.895668
2022-11-02T11:08:00Z,85.5,34.43,19.24,20.04,6.28151
2022-11-02T12:08:00Z,88.2,34.42,18.91,19.98,7.099496
2022-11-02T13:08:00Z,88.1,34.44,19.2,19.95,6.230065
2022-11-02T14:08:00Z,87.0,34.5,19.7,20.05,5.340056
2022-11-02T15:08:00Z,85.7,34.64,20.05,20.28,4.696985
2022-11-02T16:08:00Z,84.9,34.69,20.63,20.47,5.751621
2022-11-02T17:08:00Z,86.9,34.71,20.55,20.44,6.446136
2022-11-02T18:08:00Z,91.9,34.69,20.72,20.51,5.298899
2022-11-02T19:08:00Z,90.2,34.74,21.2,20.65,5.319477
2022-11-02T20:08:00Z,90.0,34.8,21.15,20.67,6.086017
2022-11-02T21:08:00Z,88.7,34.82,21.25,20.63,5.813355
2022-11-02T22:08:00Z,85.5,34.8,21.32,20.53,5.751621
2022-11-02T23:08:00Z,83.6,34.77,21.37,20.54,5.3452
2022-11-03T00:08:00Z,85.8,34.78,21.24,20.49,4.985081
2022-11-03T01:08:00Z,87.0,34.78,21.25,20.43,5.324622
2022-11-03T02:08:00Z,85.6,34.78,21.5,20.41,5.242309
2022-11-03T03:08:00Z,86.6,34.76,21.49,20.39,6.158041
2022-11-03T04:08:00Z,86.0,34.7,21.55,20.36,5.777343
2022-11-03T05:08:00Z,90.0,34.66,20.59,20.29,6.019138
2022-11-03T06:08:00Z,91.2,34.63,20.39,20.25,5.710464
2022-11-03T07:08:00Z,92.5,34.62,19.63,20.23,6.451281
2022-11-03T08:08:00Z,91.6,34.62,19.7,20.26,8.092396
2022-11-03T09:08:00Z,92.1,34.62,19.26,20.25,8.056384
2022-11-03T10:08:00Z,92.2,34.62,18.81,20.22,7.70141
2022-11-03T11:08:00Z,91.1,34.62,18.26,20.21,8.251878
2022-11-03T12:08:00Z,92.2,34.63,18.11,20.18,8.298179
2022-11-03T13:08:00Z,92.4,34.62,18.02,20.23,8.076963
2022-11-03T14:08:00Z,90.5,34.64,18.8,20.31,8.159276
2022-11-03T15:08:00Z,87.4,34.66,19.29,20.35,6.775388
2022-11-03T16:08:00Z,78.99,34.72,20.28,20.41,5.180574
2022-11-03T17:08:00Z,73.18,34.76,21.35,20.51,5.201152
2022-11-03T18:08:00Z,81.7,34.8,20.21,20.6,6.970882
2022-11-03T19:08:00Z,77.09,34.84,20.98,20.6,6.960593
2022-11-03T20:08:00Z,75.76,34.84,21.34,20.56,6.600473
2022-11-03T21:08:00Z,78.06,34.84,21.43,20.55,6.57475
2022-11-03T22:08:00Z,76.29,34.82,21.81,20.52,4.830744
2022-11-03T23:08:00Z,79.55,34.8,21.65,20.49,4.913057
2022-11-04T00:08:00Z,82.4,34.75,21.47,20.44,4.11565
2022-11-04T01:08:00Z,87.3,34.71,20.95,20.44,5.895668
2022-11-04T02:08:00Z,86.7,34.7,21.04,20.44,5.381212
2022-11-04T03:08:00Z,87.4,34.74,20.57,20.46,6.266077
2022-11-04T04:08:00Z,90.0,34.78,19.72,20.46,6.40498
2022-11-04T05:08:00Z,90.8,34.8,19.14,20.45,5.731042
2022-11-04T06:08:00Z,89.1,34.82,18.86,20.42,6.353534
2022-11-04T07:08:00Z,91.0,34.82,18.36,20.39,7.392736
2022-11-04T08:08:00Z,92.5,34.84,18.32,20.38,7.325857
2022-11-04T09:08:00Z,94.1,34.86,18.23,20.39,6.734232
2022-11-04T10:08:00Z,94.1,34.87,17.63,20.37,6.374113
2022-11-04T11:08:00Z,94.3,34.86,17.7,20.35,6.440992
2022-11-04T12:08:00Z,94.5,34.84,17.67,20.35,5.309188
2022-11-04T13:08:00Z,94.1,34.81,17.64,20.33,5.885379
2022-11-04T14:08:00Z,94.3,34.8,18.58,20.33,6.209487
2022-11-04T15:08:00Z,92.4,34.78,19.43,20.32,5.103406
2022-11-04T16:08:00Z,91.0,34.7,20.71,20.34,5.633296
2022-11-04T17:08:00Z,91.2,34.87,21.14,20.34,6.960593
2022-11-04T18:08:00Z,91.3,34.95,21.51,20.41,7.140652
2022-11-04T19:08:00Z,89.9,35.0,21.76,20.47,7.078918
2022-11-04T20:08:00Z,92.0,35.04,21.77,20.5,7.624241
2022-11-04T22:08:00Z,94.0,35.07,21.91,20.54,6.775388
2022-11-04T23:08:00Z,94.0,35.05,21.8,20.53,6.358679
2022-11-05T00:08:00Z,94.6,35.02,21.83,20.5,5.684741
2022-11-05T01:08:00Z,93.1,35.0,22.0,20.49,5.643585
2022-11-05T02:08:00Z,94.0,34.97,22.08,20.48,4.501492
2022-11-05T03:08:00Z,93.6,34.95,22.07,20.46,4.055458
2022-11-05T04:08:00Z,92.2,34.94,22.43,20.45,3.061529
2022-11-05T05:08:00Z,92.0,34.97,22.67,20.48,4.259697
2022-11-05T06:08:00Z,90.8,35.05,22.83,20.49,4.594094
2022-11-05T07:08:00Z,90.9,35.13,22.73,20.53,5.170285
2022-11-05T08:08:00Z,92.0,35.14,22.68,20.55,3.134067
2022-11-05T09:08:00Z,92.7,35.14,22.7,20.54,4.110505
2022-11-05T10:08:00Z,91.0,35.11,22.85,20.53,3.612512
2022-11-05T11:08:00Z,89.0,35.09,23.24,20.52,4.671262
2022-11-05T12:08:00Z,89.0,34.89,22.95,20.43,4.156806
2022-11-05T13:08:00Z,87.0,34.8,23.13,20.43,3.539973
2022-11-05T14:08:00Z,88.0,34.78,23.1,20.47,2.780121
2022-11-05T15:08:00Z,87.9,34.77,23.29,20.64,2.82848
2022-11-05T16:08:00Z,88.0,34.76,23.46,20.79,2.157629
2022-11-05T17:08:00Z,89.1,34.78,23.54,21.18,2.457557
2022-11-05T18:08:00Z,87.9,34.77,24.2,21.32,1.488836
2022-11-05T19:08:00Z,89.3,34.77,23.74,21.75,5.808211
2022-11-05T20:08:00Z,88.2,34.77,23.79,21.59,3.453545
2022-11-05T21:08:00Z,92.0,34.77,23.44,21.56,2.192612
2022-11-05T22:08:00Z,90.5,34.76,23.69,21.49,1.832493
2022-11-05T23:08:00Z,89.2,34.74,23.54,21.22,3.880029
2022-11-06T00:08:00Z,91.5,34.74,23.2,21.09,2.562506
2022-11-06T01:08:00Z,89.8,34.73,23.46,21.09,3.579586
2022-11-06T02:08:00Z,91.0,34.78,23.42,21.43,3.532771
2022-11-06T03:08:00Z,92.0,34.78,23.21,21.41,3.918099
2022-11-06T04:08:00Z,92.3,34.73,23.26,21.19,3.262167
2022-11-06T05:08:00Z,93.0,34.72,23.18,21.12,4.197963
2022-11-06T06:08:00Z,93.9,34.74,22.98,21.17,2.755942
2022-11-06T07:08:00Z,92.5,34.75,23.05,21.05,2.99928
2022-11-06T08:08:00Z,91.6,34.76,23.07,21.01,4.141373
2022-11-06T09:08:00Z,91.3,34.76,23.21,20.95,4.218541
2022-11-06T10:08:00Z,90.5,34.79,23.34,20.93,4.290565
2022-11-06T11:08:00Z,91.0,34.87,23.16,21.0,2.991563
2022-11-06T12:08:00Z,90.1,34.9,23.52,21.03,6.976026
2022-11-06T13:08:00Z,85.7,34.72,24.1,20.85,4.053915
2022-11-06T14:08:00Z,85.4,34.71,23.95,20.91,3.101657
2022-11-06T15:08:00Z,84.0,34.71,24.4,21.0,1.588641
2022-11-06T16:08:00Z,88.4,34.71,23.76,21.08,1.672497
2022-11-06T17:08:00Z,89.4,34.71,23.84,21.46,2.197757
2022-11-06T18:08:00Z,89.9,34.7,23.98,21.74,2.324828
2022-11-06T19:08:00Z,89.0,34.69,24.43,22.01,2.045478
2022-11-06T20:08:00Z,91.0,34.69,23.9,22.16,2.915938
2022-11-06T21:08:00Z,91.4,34.7,23.65,22.06,2.480193
2022-11-06T22:08:00Z,92.0,34.72,23.33,21.93,3.033234
2022-11-06T23:08:00Z,93.0,34.73,23.16,21.76,4.043626
2022-11-07T00:08:00Z,94.2,34.75,22.91,21.67,3.625373
2022-11-07T01:08:00Z,94.9,34.77,22.69,21.61,4.414034
2022-11-07T02:08:00Z,94.0,34.8,22.8,21.62,3.295607
2022-11-07T03:08:00Z,94.4,34.78,22.61,21.56,3.281716
2022-11-07T04:08:00Z,93.3,34.75,22.63,21.48,3.114518
2022-11-07T05:08:00Z,93.4,34.71,22.58,21.37,3.447886
2022-11-07T06:08:00Z,94.0,34.67,22.53,21.29,3.611483
2022-11-07T07:08:00Z,94.0,34.64,22.46,21.17,3.644408
2022-11-07T08:08:00Z,94.0,34.61,22.28,21.06,3.889803
2022-11-07T09:08:00Z,93.2,34.63,22.2,21.16,4.398601
2022-11-07T10:08:00Z,92.0,34.71,22.06,21.16,5.23202
2022-11-07T11:08:00Z,91.0,34.77,22.13,21.09,4.604383
2022-11-07T12:08:00Z,91.0,34.76,22.1,21.02,4.979936
2022-11-07T13:08:00Z,90.4,34.76,21.71,20.97,5.736187
2022-11-07T14:08:00Z,90.3,34.74,21.86,21.0,5.633296
2022-11-07T15:08:00Z,89.7,34.71,22.37,21.06,5.129129
2022-11-07T16:08:00Z,89.8,34.67,22.97,21.24,3.644922
2022-11-07T17:08:00Z,89.3,34.65,23.07,21.52,4.918201
2022-11-07T18:08:00Z,88.0,34.63,23.01,21.53,5.921391
2022-11-07T19:08:00Z,87.5,34.6,23.25,21.45,4.599239
2022-11-07T20:08:00Z,87.0,34.59,23.07,21.5,5.340056
2022-11-07T21:08:00Z,86.1,34.66,23.3,21.39,4.419179
2022-11-07T22:08:00Z,83.1,34.76,23.42,21.1,4.336866
2022-11-07T23:08:00Z,79.98,34.83,23.3,21.13,3.907809
2022-11-08T00:08:00Z,86.7,34.77,22.8,20.98,3.043009
2022-11-08T01:08:00Z,88.0,34.77,22.73,20.99,3.655211
2022-11-08T02:08:00Z,88.0,34.77,22.61,20.99,2.985389
2022-11-08T03:08:00Z,88.3,34.7,22.49,20.98,3.066159
2022-11-08T04:08:00Z,90.0,34.65,22.34,21.1,3.262167
2022-11-08T05:08:00Z,88.0,34.61,22.55,21.17,4.06832
2022-11-08T06:08:00Z,85.8,34.59,22.67,21.17,4.516926
2022-11-08T07:08:00Z,85.5,34.57,22.67,21.17,4.784443
2022-11-08T08:08:00Z,85.0,34.65,22.51,21.14,6.271221
2022-11-08T09:08:00Z,83.0,34.8,22.73,20.91,7.835168
2022-11-08T10:08:00Z,82.8,34.8,22.54,20.78,8.359914
2022-11-08T11:08:00Z,77.01,34.83,22.52,20.84,9.393971
2022-11-08T12:08:00Z,72.18,34.84,22.01,20.84,11.662723
2022-11-08T13:08:00Z,70.81,34.89,21.67,20.94,11.045375
2022-11-08T14:08:00Z,68.21,34.88,21.26,20.93,12.51672
2022-11-08T15:08:00Z,58.82,34.92,21.2,21.08,13.566211
2022-11-08T16:08:00Z,55.79,34.89,21.31,21.15,13.257537
2022-11-08T17:08:00Z,52.97,34.85,21.69,21.24,13.211236
2022-11-08T18:08:00Z,50.62,34.8,22.22,21.25,13.504476
2022-11-08T19:08:00Z,50.89,34.56,22.38,21.42,12.28007
2022-11-08T20:08:00Z,54.53,34.91,22.3,21.15,10.74699
2022-11-08T21:08:00Z,59.76,35.11,21.94,21.03,10.500051
2022-11-08T22:08:00Z,57.64,35.16,21.55,20.96,12.048565
2022-11-08T23:08:00Z,56.67,35.18,21.1,20.9,12.382961
2022-11-09T00:08:00Z,55.7,35.19,20.45,20.81,12.10001
2022-11-09T01:08:00Z,59.54,35.21,19.64,20.76,11.98683
2022-11-09T02:08:00Z,66.34,35.27,19.17,20.69,14.111534
2022-11-09T03:08:00Z,73.09,35.29,17.75,20.67,14.517955
2022-11-09T04:08:00Z,77.03,35.18,16.71,20.62,13.80286
2022-11-09T05:08:00Z,76.11,35.16,16.02,20.57,13.319272
2022-11-09T06:08:00Z,76.94,35.16,15.55,20.58,13.905752
2022-11-09T07:08:00Z,76.53,35.27,15.25,20.5,13.663957
2022-11-09T08:08:00Z,78.94,35.36,15.25,20.55,12.563021
2022-11-09T09:08:00Z,78.19,35.48,14.76,20.55,12.398395
2022-11-09T10:08:00Z,78.86,35.52,14.82,20.54,12.588744
2022-11-09T11:08:00Z,80.3,35.56,14.5,20.51,12.845972
2022-11-09T12:08:00Z,81.1,35.59,14.48,20.47,13.298693
2022-11-09T13:08:00Z,81.7,35.6,15.05,20.48,13.324416
2022-11-09T14:08:00Z,81.1,35.58,15.72,20.47,13.900607
2022-11-09T15:08:00Z,80.9,35.5,16.88,20.42,13.344994
2022-11-09T16:08:00Z,80.0,35.34,18.25,20.36,13.092911
2022-11-09T17:08:00Z,78.7,35.23,18.89,20.18,13.81315
2022-11-09T18:08:00Z,78.23,35.13,19.46,20.1,14.481943
2022-11-09T19:08:00Z,78.49,35.3,19.91,20.14,14.466509
2022-11-09T20:08:00Z,76.04,35.64,20.09,20.2,14.888363
2022-11-09T21:08:00Z,80.3,35.76,19.78,20.28,14.584834
2022-11-09T22:08:00Z,79.12,35.78,20.12,20.32,14.111534
2022-11-09T23:08:00Z,79.7,35.77,20.0,20.35,15.109579
2022-11-10T00:08:00Z,80.8,35.85,19.73,20.39,15.140447
2022-11-10T01:08:00Z,81.4,35.91,19.49,20.41,14.265871
2022-11-10T02:08:00Z,82.1,35.73,19.15,20.2,14.33275
2022-11-10T03:08:00Z,84.7,35.67,19.23,20.09,14.80605
2022-11-10T04:08:00Z,85.9,35.66,19.01,19.97,15.377096
2022-11-10T05:08:00Z,87.6,35.66,18.89,19.92,15.243338
2022-11-10T06:08:00Z,89.3,35.71,18.16,19.9,14.826628
2022-11-10T07:08:00Z,91.0,35.69,18.08,19.88,14.492232
2022-11-10T08:08:00Z,91.9,35.82,18.12,19.91,14.620846
2022-11-10T09:08:00Z,93.4,35.69,18.29,20.12,14.754604
2022-11-10T10:08:00Z,94.0,35.64,18.32,20.18,14.126968
2022-11-10T11:08:00Z,95.0,35.76,18.46,20.21,14.049799
2022-11-10T12:08:00Z,97.0,35.87,18.44,20.22,13.365573
2022-11-10T13:08:00Z,96.0,35.86,18.67,20.2,14.183558
2022-11-10T14:08:00Z,96.0,35.64,19.2,20.06,14.044655
2022-11-10T15:08:00Z,96.0,35.55,19.64,20.03,12.789382
2022-11-10T16:08:00Z,97.0,35.84,20.07,20.06,11.451795
2022-11-10T17:08:00Z,97.0,35.7,21.91,20.0,8.714888
2022-11-10T18:08:00Z,97.0,35.51,22.1,19.89,9.455705
2022-11-10T19:08:00Z,95.4,35.39,22.42,19.84,8.354769
2022-11-10T20:08:00Z,95.6,35.33,22.44,19.85,10.247968
2022-11-10T21:08:00Z,94.0,35.45,22.97,19.94,10.124498
2022-11-10T22:08:00Z,93.1,35.62,23.56,20.08,12.33666
2022-11-10T23:08:00Z,94.3,35.69,22.86,20.13,9.28079
2022-11-11T00:08:00Z,89.3,35.72,23.37,20.16,12.619611
2022-11-11T01:08:00Z,91.1,35.75,23.9,20.19,9.908427
2022-11-11T02:08:00Z,93.6,35.78,22.76,20.25,11.51353
2022-11-11T03:08:00Z,91.0,35.78,23.46,20.25,11.22029
2022-11-11T04:08:00Z,95.3,35.78,22.07,20.26,9.723223
2022-11-11T05:08:00Z,91.3,35.75,24.08,20.27,9.249923
2022-11-11T06:08:00Z,88.1,35.7,24.32,20.2,9.790102
2022-11-11T07:08:00Z,90.2,35.56,24.29,20.09,11.621566
2022-11-11T08:08:00Z,90.1,35.59,24.0,20.14,11.57012
2022-11-11T09:08:00Z,92.0,35.61,23.74,20.17,11.004219
2022-11-11T10:08:00Z,92.9,35.69,23.48,20.25,8.941249
2022-11-11T11:08:00Z,94.7,35.74,22.78,20.31,10.726412
2022-11-11T12:08:00Z,93.4,35.76,23.19,20.37,8.071818
2022-11-11T13:08:00Z,93.0,35.79,23.12,20.41,7.768289
2022-11-11T14:08:00Z,91.2,35.89,23.62,20.54,6.636485
2022-11-11T15:08:00Z,92.0,35.9,23.62,20.61,6.492437
2022-11-11T16:08:00Z,90.3,35.87,23.73,20.6,7.963782
2022-11-11T17:08:00Z,90.0,35.76,23.6,20.55,8.653154
2022-11-11T18:08:00Z,91.0,35.69,23.49,20.53,8.869225
2022-11-11T19:08:00Z,90.7,35.63,23.38,20.52,9.496862
2022-11-11T20:08:00Z,90.9,35.64,23.38,20.52,9.368248
2022-11-11T21:08:00Z,90.3,35.64,23.31,20.48,10.422883
2022-11-11T22:08:00Z,91.2,35.73,23.13,20.58,10.22739
2022-11-11T23:08:00Z,92.0,35.7,22.92,20.63,9.332236
2022-11-12T00:08:00Z,92.3,35.63,22.89,20.55,9.625476
2022-11-12T01:08:00Z,90.3,35.57,23.16,20.48,10.098776
2022-11-12T02:08:00Z,91.0,35.57,22.93,20.45,9.553452
2022-11-12T03:08:00Z,92.0,35.26,22.6,20.34,8.025517
2022-11-12T04:08:00Z,92.0,35.23,22.28,20.38,7.675687
2022-11-12T05:08:00Z,92.2,34.97,22.01,20.3,7.835168
2022-11-12T06:08:00Z,92.0,34.26,21.9,20.08,7.454471
2022-11-12T07:08:00Z,92.0,34.39,21.8,20.11,8.025517
2022-11-12T08:08:00Z,93.0,34.48,21.58,20.14,6.723943
2022-11-12T09:08:00Z,93.4,34.52,21.37,20.15,6.435847
2022-11-12T10:08:00Z,88.2,34.51,21.5,20.17,7.845457
2022-11-12T11:08:00Z,89.9,34.57,21.34,20.21,4.568371
2022-11-12T12:08:00Z,89.5,34.46,21.19,20.15,5.705319
2022-11-12T13:08:00Z,84.5,34.17,21.64,20.02,7.490483
2022-11-12T14:08:00Z,91.0,34.05,21.3,20.09,4.650684
2022-11-12T15:08:00Z,93.1,33.97,21.36,20.17,5.067394
2022-11-12T16:08:00Z,93.0,34.11,21.5,20.33,7.505916
2022-11-12T17:08:00Z,92.7,34.49,21.57,20.41,8.097541
2022-11-12T18:08:00Z,93.0,34.97,21.51,20.49,7.526494
2022-11-12T19:08:00Z,92.0,34.99,21.64,20.54,7.500772
2022-11-12T20:08:00Z,93.0,34.53,21.55,20.59,6.718798
2022-11-12T21:08:00Z,93.4,34.37,21.5,20.56,6.8114
2022-11-12T22:08:00Z,93.0,34.36,21.4,20.51,7.403025
2022-11-12T23:08:00Z,93.2,34.45,21.47,20.44,6.296944
2022-11-13T00:08:00Z,92.0,34.5,21.59,20.4,6.132318
2022-11-13T01:08:00Z,90.0,34.49,21.9,20.35,7.547073
2022-11-13T02:08:00Z,91.0,34.37,21.7,20.34,6.075728
2022-11-13T03:08:00Z,92.0,34.43,21.6,20.34,4.671262
2022-11-13T04:08:00Z,93.0,34.39,21.58,20.24,5.16514
2022-11-13T05:08:00Z,93.7,34.95,21.6,20.32,4.964503
2022-11-13T06:08:00Z,94.8,35.15,21.5,20.48,5.010804
2022-11-13T07:08:00Z,94.2,35.2,21.3,20.55,4.17224
2022-11-13T08:08:00Z,90.3,35.21,20.95,20.54,4.691841
2022-11-13T09:08:00Z,87.9,35.28,20.66,20.58,5.643585
2022-11-13T10:08:00Z,88.5,34.71,20.16,20.36,6.435847
2022-11-13T11:08:00Z,89.0,34.73,19.44,20.34,6.904002
2022-11-13T12:08:00Z,81.3,34.88,18.15,20.4,7.907192
2022-11-13T13:08:00Z,80.7,35.16,16.65,20.54,8.756045
2022-11-13T14:08:00Z,82.4,35.14,14.9,20.52,8.395926
2022-11-13T15:08:00Z,81.5,35.07,14.69,20.51,7.902048
2022-11-13T16:08:00Z,77.07,35.03,15.41,20.51,6.873135
2022-11-13T17:08:00Z,73.49,35.01,15.95,20.54,5.911102
2022-11-13T18:08:00Z,67.05,35.01,16.33,20.56,6.687931
2022-11-13T19:08:00Z,61.4,35.0,17.14,20.59,5.890524
2022-11-13T20:08:00Z,60.15,35.0,17.65,20.58,6.374113
2022-11-13T21:08:00Z,53.58,35.03,17.24,20.56,7.156086
2022-11-13T22:08:00Z,54.01,35.07,16.76,20.52,8.426793
2022-11-13T23:08:00Z,59.59,35.09,15.77,20.49,8.632575
2022-11-14T00:08:00Z,63.44,35.13,14.95,20.45,9.975306
2022-11-14T01:08:00Z,64.41,35.12,14.26,20.41,10.134788
2022-11-14T02:08:00Z,66.31,35.15,13.74,20.36,10.741846
2022-11-14T03:08:00Z,68.74,35.17,12.96,20.3,11.122543
2022-11-14T04:08:00Z,69.86,35.21,12.08,20.27,11.791337
2022-11-14T05:08:00Z,73.82,35.29,11.76,20.24,11.318037
2022-11-14T06:08:00Z,73.98,35.33,11.26,20.17,11.719313
2022-11-14T07:08:00Z,77.55,35.4,10.39,20.07,11.364338
2022-11-14T08:08:00Z,80.7,35.31,9.86,19.9,11.667867
2022-11-14T09:08:00Z,82.4,35.3,9.14,19.59,12.233769
2022-11-14T10:08:00Z,83.9,35.29,8.74,19.46,11.719313
2022-11-14T11:08:00Z,85.3,35.05,8.2,19.35,10.741846
2022-11-14T12:08:00Z,86.7,34.98,8.27,19.33,8.442227
2022-11-14T13:08:00Z,87.3,35.08,9.08,19.55,10.752135
2022-11-14T14:08:00Z,88.5,35.17,10.32,19.62,11.606132
2022-11-14T15:08:00Z,87.7,35.34,11.94,19.7,11.755325
2022-11-14T16:08:00Z,87.8,35.37,13.57,19.75,12.362383
2022-11-14T17:08:00Z,86.9,35.35,13.86,19.77,12.403539
2022-11-14T18:08:00Z,85.4,35.26,14.13,19.72,11.508386
2022-11-14T19:08:00Z,84.2,35.12,14.56,19.61,11.657578
2022-11-14T20:08:00Z,82.8,35.09,15.09,19.52,12.069143
2022-11-14T21:08:00Z,80.9,35.12,15.37,19.41,12.115444
2022-11-14T22:08:00Z,80.4,35.12,15.69,19.34,11.184278
2022-11-14T23:08:00Z,83.3,35.17,16.35,19.37,10.880749
2022-11-15T00:08:00Z,82.7,35.22,16.39,19.4,11.791337
2022-11-15T01:08:00Z,80.8,35.27,15.84,19.46,9.908427
2022-11-15T02:08:00Z,81.7,35.28,15.21,19.46,9.831258
2022-11-15T03:08:00Z,85.8,35.32,15.6,19.49,9.718078
2022-11-15T04:08:00Z,88.3,35.35,16.67,19.5,10.217101
2022-11-15T05:08:00Z,88.9,35.37,16.81,19.52,9.553452
2022-11-15T06:08:00Z,90.1,35.34,17.47,19.45,8.416504
2022-11-15T07:08:00Z,91.5,35.32,17.0,19.37,8.961827
2022-11-15T08:08:00Z,93.3,35.33,15.89,19.29,9.064719
2022-11-15T09:08:00Z,93.2,35.33,16.5,19.15,8.596563
2022-11-15T10:08:00Z,94.4,35.31,16.18,19.05,8.16442
2022-11-15T11:08:00Z,94.9,35.31,16.02,18.96,9.265357
2022-11-15T12:08:00Z,94.5,35.27,17.84,18.86,6.790822
2022-11-15T13:08:00Z,95.0,35.21,17.27,18.87,7.855746
2022-11-15T14:08:00Z,94.4,35.16,19.14,18.96,5.63844
2022-11-15T16:08:00Z,95.0,35.29,20.68,19.2,2.30322
2022-11-15T17:08:00Z,95.0,35.29,20.58,19.29,1.706966
2022-11-15T18:08:00Z,94.5,35.33,21.91,19.44,2.179751
2022-11-15T19:08:00Z,93.1,35.31,22.03,19.52,4.07295
2022-11-15T20:08:00Z,93.0,35.29,22.03,19.65,3.009569
2022-11-15T21:08:00Z,94.0,35.28,21.86,19.61,4.038481
2022-11-15T22:08:00Z,95.0,35.27,21.73,19.55,3.515279
2022-11-15T23:08:00Z,95.0,35.34,21.61,19.6,3.430909
2022-11-16T00:08:00Z,95.0,35.33,21.28,19.6,2.404568
2022-11-16T01:08:00Z,95.0,35.27,21.3,19.42,3.058957
2022-11-16T02:08:00Z,95.2,35.1,21.29,19.19,3.129437
2022-11-16T03:08:00Z,96.0,35.05,21.21,19.12,2.951435
2022-11-16T04:08:00Z,96.0,35.12,21.41,19.15,3.998868
2022-11-16T05:08:00Z,96.0,35.19,20.54,19.27,3.019344
2022-11-16T06:08:00Z,96.0,35.18,20.76,19.26,3.823439
2022-11-16T07:08:00Z,96.0,35.17,20.71,19.28,5.082827
2022-11-16T08:08:00Z,97.4,35.23,17.41,19.38,4.681552
2022-11-16T09:08:00Z,96.7,35.19,17.02,19.3,7.557362
2022-11-16T10:08:00Z,96.2,35.13,16.24,19.14,5.607573
2022-11-16T11:08:00Z,96.8,35.16,15.61,19.13,4.969647
2022-11-16T12:08:00Z,94.9,34.98,14.75,18.88,6.245499
2022-11-16T13:08:00Z,93.6,35.07,13.76,18.97,7.469904
2022-11-16T14:08:00Z,93.1,35.14,13.31,19.04,7.356724
2022-11-16T15:08:00Z,92.5,35.19,13.47,19.08,6.75481
2022-11-16T16:08:00Z,91.5,35.26,13.44,19.18,5.062249
2022-11-16T17:08:00Z,89.8,35.34,13.73,19.27,3.981891
2022-11-16T18:08:00Z,88.1,35.36,14.3,19.29,3.745756
2022-11-16T19:08:00Z,86.4,35.37,14.75,19.3,3.445313
2022-11-16T20:08:00Z,88.1,35.36,14.34,19.32,5.216586
2022-11-16T21:08:00Z,90.7,35.23,13.47,19.11,6.945159
2022-11-16T22:08:00Z,90.9,35.18,12.92,19.02,7.248688
2022-11-16T23:08:00Z,92.4,35.25,12.3,19.07,7.52135
2022-11-17T00:08:00Z,91.3,35.17,12.73,18.9,8.699455
2022-11-17T01:08:00Z,89.3,35.16,12.88,18.88,8.251878
2022-11-17T02:08:00Z,89.9,35.2,12.57,18.9,6.904002
2022-11-17T03:08:00Z,90.2,35.24,12.57,18.9,8.2313
2022-11-17T04:08:00Z,90.5,35.28,12.57,18.94,7.372158
2022-11-17T05:08:00Z,87.2,35.3,12.57,18.94,7.562506
2022-11-17T06:08:00Z,82.9,35.34,12.3,19.0,9.887849
2022-11-17T07:08:00Z,84.4,35.34,11.57,18.95,10.134788
2022-11-17T08:08:00Z,79.5,35.33,11.11,18.91,8.858936
2022-11-17T09:08:00Z,79.93,35.34,10.91,18.89,9.774668
2022-11-17T10:08:00Z,82.2,35.34,10.73,18.87,8.972116
2022-11-17T11:08:00Z,75.99,35.31,10.03,18.79,9.46085
2022-11-17T12:08:00Z,72.64,35.3,9.76,18.68,7.459615
2022-11-17T13:08:00Z,72.39,35.32,9.6,18.7,7.783723
2022-11-17T14:08:00Z,70.16,35.33,9.46,18.65,6.816545
2022-11-17T15:08:00Z,64.21,35.33,9.58,18.61,6.615907
2022-11-17T16:08:00Z,58.78,35.34,9.8,18.6,5.05196
2022-11-17T17:08:00Z,57.42,35.35,10.16,18.62,3.65161
2022-11-17T18:08:00Z,54.89,35.36,10.49,18.66,2.102583
2022-11-17T19:08:00Z,56.12,35.35,10.73,18.64,2.236341
2022-11-17T20:08:00Z,56.72,35.35,10.77,18.63,2.768803
2022-11-17T21:08:00Z,58.88,35.35,10.9,18.62,3.200432
2022-11-17T22:08:00Z,62.73,35.35,10.95,18.63,3.409301
2022-11-17T23:08:00Z,63.14,35.33,10.81,18.58,3.879514
2022-11-18T00:08:00Z,59.71,35.32,10.83,18.53,4.233975
2022-11-18T01:08:00Z,61.31,35.32,10.95,18.52,4.28542
2022-11-18T02:08:00Z,62.29,35.33,11.02,18.45,3.805433
2022-11-18T03:08:00Z,65.02,35.33,10.78,18.46,4.136228
2022-11-18T04:08:00Z,65.35,35.34,10.64,18.43,5.093117
2022-11-18T05:08:00Z,65.2,35.35,10.68,18.4,4.779298
2022-11-18T06:08:00Z,64.55,35.35,10.46,18.39,5.268032
2022-11-18T07:08:00Z,65.67,35.35,10.31,18.36,6.039716
2022-11-18T08:08:00Z,70.54,35.35,10.2,18.32,5.365778
2022-11-18T09:08:00Z,75.09,35.37,9.49,18.3,5.993415
2022-11-18T10:08:00Z,74.39,35.35,9.45,18.3,5.149707
2022-11-18T11:08:00Z,74.91,35.34,9.89,18.21,4.799877
2022-11-18T12:08:00Z,68.87,35.32,10.18,18.13,5.113695
2022-11-18T13:08:00Z,69.3,35.32,10.71,18.09,4.666118
2022-11-18T14:08:00Z,57.95,35.32,11.14,18.1,4.954213
2022-11-18T15:08:00Z,49.38,35.32,11.56,18.09,5.494392
2022-11-18T16:08:00Z,53.45,35.33,11.63,18.12,5.355489
2022-11-18T18:08:00Z,54.75,35.36,12.32,18.19,4.707274
2022-11-18T19:08:00Z,53.92,35.36,12.5,18.21,3.886717
2022-11-18T20:08:00Z,50.75,35.36,12.94,18.23,2.613438
2022-11-18T21:08:00Z,51.24,35.36,13.23,18.23,2.542443
2022-11-18T22:08:00Z,50.87,35.35,13.24,18.21,2.52598
2022-11-18T23:08:00Z,51.54,35.33,13.17,18.15,1.596872
2022-11-19T00:08:00Z,50.11,35.32,13.35,18.07,2.106184
2022-11-19T01:08:00Z,48.76,35.32,13.29,18.03,0.684227
2022-11-19T02:08:00Z,49.64,35.31,13.41,17.98,1.161128
2022-11-19T03:08:00Z,63.92,35.32,12.95,17.98,4.362589
2022-11-19T04:08:00Z,56.58,35.33,12.95,17.99,3.744212
2022-11-19T05:08:00Z,57.59,35.34,12.69,17.97,3.940735
2022-11-19T06:08:00Z,54.42,35.35,12.82,17.97,3.454574
2022-11-19T07:08:00Z,51.69,35.35,12.6,17.96,2.55942
2022-11-19T08:08:00Z,55.0,35.35,12.69,17.95,2.806873
2022-11-19T09:08:00Z,53.09,35.34,12.39,17.93,5.005659
2022-11-19T10:08:00Z,56.18,35.35,12.46,17.91,4.88219
2022-11-19T11:08:00Z,56.03,35.34,12.13,17.86,5.494392
2022-11-19T12:08:00Z,59.09,35.33,11.46,17.79,5.864801
2022-11-19T13:08:00Z,61.85,35.33,11.16,17.73,4.846178
2022-11-19T14:08:00Z,64.2,35.33,10.83,17.67,4.8719
2022-11-19T15:08:00Z,60.52,35.32,11.76,17.66,5.592139
2022-11-19T16:08:00Z,54.15,35.31,12.96,17.66,6.070583
2022-11-19T17:08:00Z,51.95,35.33,13.67,17.75,2.506431
2022-11-19T18:08:00Z,50.22,35.34,14.69,17.87,1.096306
2022-11-19T19:08:00Z,48.88,35.35,15.27,18.02,1.228007
2022-11-19T20:08:00Z,52.32,35.35,14.45,18.01,2.601091
2022-11-19T21:08:00Z,47.73,35.36,15.17,17.96,2.337689
2022-11-19T22:08:00Z,54.07,35.36,15.07,17.91,4.722708
2022-11-19T23:08:00Z,58.25,35.34,15.36,17.84,6.091162
2022-11-20T00:08:00Z,58.94,35.34,15.37,17.78,6.51816
2022-11-20T01:08:00Z,59.07,35.34,15.2,17.78,6.327812
2022-11-20T02:08:00Z,62.89,35.34,15.07,17.75,6.513016
2022-11-20T04:08:00Z,61.41,35.34,14.65,17.7,7.006894
2022-11-20T05:08:00Z,60.82,35.35,14.54,17.71,7.248688
2022-11-20T06:08:00Z,59.81,35.36,14.11,17.71,7.531639
2022-11-20T07:08:00Z,58.37,35.37,14.18,17.8,6.873135
2022-11-20T08:08:00Z,61.29,35.41,13.65,17.82,7.974071
2022-11-20T09:08:00Z,70.73,35.42,12.22,17.83,8.370203
2022-11-20T10:08:00Z,70.52,35.36,12.65,17.73,8.786912
2022-11-20T11:08:00Z,70.16,35.31,11.92,17.69,7.655109
2022-11-20T12:08:00Z,66.15,35.27,11.6,17.74,8.982406
2022-11-20T13:08:00Z,68.39,35.26,11.17,17.71,7.778578
2022-11-20T14:08:00Z,67.33,35.25,10.91,17.67,7.655109
2022-11-20T15:08:00Z,67.18,35.24,10.74,17.62,7.454471
2022-11-20T16:08:00Z,64.1,35.24,10.82,17.6,7.603663
2022-11-20T17:08:00Z,59.7,35.25,10.97,17.62,5.93168
2022-11-20T18:08:00Z,58.21,35.28,11.21,17.68,4.769009
2022-11-20T19:08:00Z,56.18,35.32,11.13,17.71,5.180574
2022-11-20T20:08:00Z,57.34,35.34,11.25,17.72,5.494392
2022-11-20T21:08:00Z,58.47,35.36,11.29,17.77,5.478959
2022-11-20T22:08:00Z,59.0,35.37,11.29,17.79,5.314333
2022-11-20T23:08:00Z,55.26,35.36,11.2,17.79,5.700175
2022-11-21T00:08:00Z,53.32,35.33,11.04,17.71,6.250643
2022-11-21T01:08:00Z,54.3,35.28,10.97,17.49,7.310423
2022-11-21T02:08:00Z,53.06,35.25,10.78,17.34,8.591419
2022-11-21T03:08:00Z,55.62,35.26,10.73,17.31,8.776623
2022-11-21T04:08:00Z,61.49,35.26,10.91,17.11,9.363103
2022-11-21T05:08:00Z,66.81,35.29,11.03,17.08,9.038996
2022-11-21T06:08:00Z,66.12,35.33,10.92,16.96,9.92386
2022-11-21T07:08:00Z,66.9,35.39,10.62,17.0,9.038996
2022-11-21T08:08:00Z,71.92,35.41,9.93,17.02,9.033851
2022-11-21T09:08:00Z,76.06,35.42,9.59,17.01,9.399115
2022-11-21T10:08:00Z,76.75,35.41,9.51,16.97,10.088486
2022-11-21T11:08:00Z,76.59,35.4,9.27,16.88,10.134788
2022-11-21T12:08:00Z,78.69,35.38,9.29,16.74,9.86727
2022-11-21T13:08:00Z,79.67,35.37,9.6,16.36,10.433172
2022-11-21T14:08:00Z,78.7,35.34,9.62,16.18,10.392016
2022-11-21T15:08:00Z,78.98,35.28,11.18,16.04,10.762424
2022-11-21T16:08:00Z,79.79,35.18,12.2,15.9,10.783002
2022-11-21T17:08:00Z,81.4,35.07,12.64,15.53,10.608087
2022-11-21T18:08:00Z,79.16,34.99,12.77,15.47,10.109065
2022-11-21T19:08:00Z,78.53,35.03,13.27,15.77,9.373392
2022-11-21T20:08:00Z,80.0,35.24,13.97,16.33,9.471139
2022-11-21T21:08:00Z,81.9,35.38,14.16,16.72,9.568886
2022-11-21T22:08:00Z,81.4,35.41,14.47,16.81,9.023562
2022-11-21T23:08:00Z,82.5,35.42,14.48,16.83,9.234489
2022-11-22T00:08:00Z,83.7,35.4,14.7,16.79,7.999794
2022-11-22T01:08:00Z,83.6,35.36,14.34,16.7,5.391501
2022-11-22T02:08:00Z,80.6,35.3,14.15,16.57,6.662208
2022-11-22T03:08:00Z,78.16,35.21,13.95,16.29,7.145797
2022-11-22T04:08:00Z,75.7,35.14,13.98,16.13,7.212676
2022-11-22T05:08:00Z,76.2,35.06,13.75,15.95,6.723943
2022-11-22T06:08:00Z,76.24,34.99,13.73,15.85,7.197243
2022-11-22T07:08:00Z,76.47,34.99,13.52,15.87,7.680831
2022-11-22T08:08:00Z,77.16,35.02,13.54,15.94,7.629386
2022-11-22T09:08:00Z,78.13,35.07,13.96,15.99,8.298179
2022-11-22T10:08:00Z,80.7,35.12,13.87,16.07,8.889803
2022-11-22T11:08:00Z,81.3,35.14,13.5,16.09,8.586274
2022-11-22T12:08:00Z,82.3,35.14,13.34,16.05,8.442227
2022-11-22T13:08:00Z,82.2,35.11,13.31,16.0,8.941249
2022-11-22T14:08:00Z,83.2,35.05,13.74,15.9,8.709744
2022-11-22T15:08:00Z,82.9,35.04,13.66,15.89,8.323902
2022-11-22T16:08:00Z,80.1,35.13,14.61,16.01,8.591419
2022-11-22T17:08:00Z,79.29,35.23,15.31,16.25,6.770244
2022-11-22T18:08:00Z,82.0,35.23,15.83,16.27,6.996605
2022-11-22T19:08:00Z,83.9,35.24,16.08,16.38,6.368968
2022-11-22T20:08:00Z,84.7,35.23,16.5,16.34,5.031382
2022-11-22T21:08:00Z,84.9,35.22,16.47,16.26,5.597284
2022-11-22T22:08:00Z,84.3,35.23,16.85,16.3,5.417224
2022-11-22T23:08:00Z,84.2,35.26,16.96,16.38,5.283465
2022-11-23T00:08:00Z,82.9,35.28,16.77,16.43,5.360634
2022-11-23T01:08:00Z,83.0,35.27,16.31,16.42,6.137463
2022-11-23T02:08:00Z,78.55,35.26,16.17,16.4,5.921391
2022-11-23T03:08:00Z,76.81,35.24,16.08,16.32,5.648729
2022-11-23T04:08:00Z,78.54,35.22,15.85,16.27,5.417224
2022-11-23T05:08:00Z,76.09,35.19,15.88,16.16,5.967692
2022-11-23T06:08:00Z,76.15,35.18,15.83,16.07,7.92777
2022-11-23T07:08:00Z,82.5,35.19,15.15,16.06,7.788867
2022-11-23T08:08:00Z,84.9,35.18,14.53,16.03,7.433892
2022-11-23T09:08:00Z,86.2,35.2,14.31,16.07,8.298179
2022-11-23T10:08:00Z,85.5,35.25,14.35,16.14,9.075008
2022-11-23T11:08:00Z,86.3,35.29,14.22,16.22,8.833213
2022-11-23T12:08:00Z,87.2,35.28,14.46,16.22,7.649964
2022-11-23T13:08:00Z,89.4,35.27,14.4,16.19,7.999794
2022-11-23T14:08:00Z,90.2,35.24,14.32,16.12,8.123264
2022-11-23T15:08:00Z,88.0,35.2,14.69,16.01,8.539973
2022-11-23T16:08:00Z,85.2,35.3,14.98,16.14,7.794012
2022-11-23T17:08:00Z,82.4,35.29,15.62,16.13,8.05124
2022-11-23T18:08:00Z,85.2,35.21,16.27,16.06,6.970882
2022-11-23T19:08:00Z,86.2,35.15,16.95,16.06,6.194053
2022-11-23T20:08:00Z,89.0,34.97,16.91,15.9,5.787632
2022-11-23T21:08:00Z,91.0,34.89,16.58,15.78,6.785678
2022-11-23T22:08:00Z,91.4,34.89,15.83,15.74,8.128408
2022-11-23T23:08:00Z,91.0,34.95,15.88,15.87,7.480193
2022-11-24T00:08:00Z,86.3,34.95,15.25,15.87,8.653154
2022-11-24T01:08:00Z,85.7,34.95,15.03,15.85,7.572796
2022-11-24T02:08:00Z,86.5,34.95,14.91,15.84,7.824879
2022-11-24T03:08:00Z,87.4,34.95,15.03,15.82,7.763144
2022-11-24T04:08:00Z,87.1,34.92,14.95,15.73,7.660253
2022-11-24T05:08:00Z,87.2,34.89,14.88,15.65,8.406215
2022-11-24T06:08:00Z,86.3,34.84,14.88,15.65,8.205577
2022-11-24T07:08:00Z,86.4,34.81,15.16,15.69,8.869225
2022-11-24T08:08:00Z,86.5,34.88,15.22,15.83,8.611997
2022-11-24T09:08:00Z,88.0,34.56,15.3,15.44,8.52454
2022-11-24T10:08:00Z,88.1,34.66,15.22,15.62,9.440272
2022-11-24T11:08:00Z,88.0,34.93,15.38,15.96,9.162465
2022-11-24T12:08:00Z,89.6,35.13,15.64,16.16,9.059574
2022-11-24T13:08:00Z,89.0,35.14,15.89,16.17,8.843502
2022-11-24T14:08:00Z,89.0,35.14,15.95,16.17,9.738656
2022-11-24T15:08:00Z,89.0,35.07,16.01,16.12,8.98755
2022-11-24T16:08:00Z,90.0,34.91,16.31,15.98,8.143842
2022-11-24T17:08:00Z,91.0,34.76,16.37,15.89,8.123264
2022-11-24T18:08:00Z,92.8,34.71,16.36,15.86,6.847412
2022-11-24T19:08:00Z,91.1,34.33,16.52,15.66,7.665398
2022-11-24T20:08:00Z,91.0,33.96,16.7,15.41,7.696265
2022-11-24T21:08:00Z,91.0,34.42,16.81,15.77,7.850602
2022-11-24T22:08:00Z,91.0,34.7,16.86,16.05,8.380492
2022-11-24T23:08:00Z,92.0,34.71,17.01,16.14,8.128408
2022-11-25T00:08:00Z,92.0,34.79,17.09,16.2,7.269266
2022-11-25T01:08:00Z,93.0,34.86,16.97,16.26,6.940014
2022-11-25T02:08:00Z,94.1,34.84,17.05,16.25,5.40179
2022-11-25T03:08:00Z,95.5,34.77,17.35,16.2,4.861611
2022-11-25T04:08:00Z,94.8,34.71,19.54,16.16,4.558082
2022-11-25T05:08:00Z,96.0,34.68,19.02,16.15,4.275131
2022-11-25T06:08:00Z,96.4,34.56,19.47,16.17,2.939603
2022-11-25T07:08:00Z,96.1,34.46,19.42,16.17,1.487293
2022-11-25T08:08:00Z,97.0,34.15,19.83,16.07,2.79607
2022-11-25T09:08:00Z,97.0,34.07,17.8,16.0,2.119045
2022-11-25T10:08:00Z,97.0,33.89,17.65,15.9,1.862846
2022-11-25T11:08:00Z,97.7,33.83,17.29,16.12,3.659327
2022-11-25T12:08:00Z,98.0,33.78,16.58,16.07,5.993415
2022-11-25T13:08:00Z,98.0,34.07,16.32,16.11,3.966972
2022-11-25T14:08:00Z,98.0,34.24,15.95,16.19,4.429468
2022-11-25T15:08:00Z,97.5,34.08,15.82,16.17,3.399012
2022-11-25T16:08:00Z,97.1,33.87,16.0,16.17,4.311143
2022-11-25T17:08:00Z,96.6,33.91,16.67,16.29,3.199403
2022-11-25T18:08:00Z,96.0,33.96,17.29,16.25,2.134479
2022-11-25T19:08:00Z,95.0,33.89,17.41,16.29,3.583702
2022-11-25T20:08:00Z,94.0,33.8,17.2,16.15,2.215763
2022-11-25T21:08:00Z,95.0,33.77,16.56,16.16,2.345406
2022-11-25T22:08:00Z,95.0,33.82,16.75,16.27,1.97294
2022-11-25T23:08:00Z,95.0,33.81,16.8,16.39,2.590802
2022-11-26T00:08:00Z,95.0,33.83,16.9,16.32,2.878383
2022-11-26T01:08:00Z,96.0,33.53,16.8,16.23,2.215763
2022-11-26T02:08:00Z,96.0,33.13,16.79,16.25,2.096924
2022-11-26T03:08:00Z,96.6,33.17,16.44,16.19,3.412903
2022-11-26T04:08:00Z,96.0,33.27,16.05,16.15,3.751929
2022-11-26T05:08:00Z,95.0,33.52,15.87,16.17,4.681552
2022-11-26T06:08:00Z,94.8,33.66,15.57,16.16,4.779298
2022-11-26T07:08:00Z,93.1,33.77,15.58,16.18,5.947114
2022-11-26T08:08:00Z,86.4,33.77,15.8,16.15,7.567651
2022-11-26T09:08:00Z,79.16,33.78,15.3,16.14,8.972116
2022-11-26T10:08:00Z,75.57,33.83,14.73,16.08,10.196522
2022-11-26T11:08:00Z,77.11,33.82,14.37,16.0,8.678876
2022-11-26T12:08:00Z,77.81,34.01,13.81,16.03,9.378537
2022-11-26T13:08:00Z,80.2,34.05,13.78,16.05,7.583085
2022-11-26T14:08:00Z,83.3,NaN,14.29,NaN,6.99146
2022-11-26T15:08:00Z,86.1,33.99,15.15,16.09,7.037761
2022-11-26T16:08:00Z,84.9,34.09,16.2,16.21,7.156086
2022-11-26T17:08:00Z,86.7,33.99,16.15,16.21,6.904002
2022-11-26T18:08:00Z,88.3,NaN,16.3,NaN,7.860891
2022-11-26T19:08:00Z,88.3,33.91,16.29,16.25,8.061529
2022-11-26T20:08:00Z,86.8,33.82,16.34,16.13,8.174709
2022-11-26T21:08:00Z,85.6,33.48,16.61,16.02,8.056384
2022-11-26T22:08:00Z,86.8,NaN,16.47,NaN,9.363103
2022-11-26T23:08:00Z,87.9,33.78,16.48,16.07,8.611997
2022-11-27T00:08:00Z,89.0,34.18,16.62,16.27,7.938059
2022-11-27T01:08:00Z,89.3,34.53,17.02,16.48,7.804301
2022-11-27T02:08:00Z,90.0,34.6,17.41,16.55,6.446136
2022-11-27T03:08:00Z,91.0,34.67,17.57,16.59,5.412079
2022-11-27T04:08:00Z,92.0,34.66,19.11,16.59,2.552732
2022-11-27T05:08:00Z,90.4,34.62,20.47,16.59,4.70213
2022-11-27T06:08:00Z,90.4,34.53,21.11,16.58,4.985081
2022-11-27T07:08:00Z,91.0,34.43,20.74,16.57,5.828789
2022-11-27T08:08:00Z,94.0,34.36,19.97,16.52,5.808211
2022-11-27T09:08:00Z,96.0,34.32,20.09,16.52,3.268855
2022-11-27T10:08:00Z,95.1,34.36,20.32,16.64,5.576705
2022-11-27T11:08:00Z,94.0,34.22,21.0,16.61,7.392736
2022-11-27T12:08:00Z,95.0,34.61,20.85,16.74,6.543883
2022-11-27T13:08:00Z,95.0,34.76,20.62,16.8,4.93878
2022-11-27T14:08:00Z,95.3,34.84,21.11,16.83,6.379257
2022-11-27T15:08:00Z,95.4,34.81,21.68,16.83,8.421648
2022-11-27T16:08:00Z,94.0,34.79,21.27,16.85,10.006173
2022-11-27T17:08:00Z,93.0,34.76,21.04,16.85,9.33738
2022-11-27T18:08:00Z,93.0,34.41,20.81,16.82,10.361148
2022-11-27T19:08:00Z,94.1,34.2,20.28,16.74,8.900093
2022-11-27T20:08:00Z,95.0,34.1,20.23,16.66,9.856981
2022-11-27T21:08:00Z,95.0,34.1,19.96,16.57,10.402305
2022-11-27T22:08:00Z,96.0,34.07,19.65,16.5,10.057619
2022-11-27T23:08:00Z,93.5,34.14,19.26,16.55,8.663443
2022-11-28T00:08:00Z,86.0,34.24,18.84,16.66,7.948349
2022-11-28T01:08:00Z,82.9,34.5,18.85,16.92,7.984361
2022-11-28T02:08:00Z,84.2,34.5,18.75,16.87,8.45766
2022-11-28T03:08:00Z,78.05,34.72,18.97,17.09,8.318757
2022-11-28T04:08:00Z,76.75,34.72,18.47,17.08,6.69822
2022-11-28T05:08:00Z,73.04,34.48,18.32,16.83,7.135508
2022-11-28T06:08:00Z,74.01,34.43,17.95,16.79,7.135508
2022-11-28T07:08:00Z,74.28,34.5,17.56,16.82,6.718798
2022-11-28T08:08:00Z,76.57,34.58,17.25,16.85,5.782488
2022-11-28T09:08:00Z,77.66,34.62,16.76,16.86,6.209487
2022-11-28T10:08:00Z,77.85,34.66,16.43,16.89,7.69112
2022-11-28T11:08:00Z,77.91,34.71,16.18,16.91,8.123264
2022-11-28T12:08:00Z,79.06,34.78,15.99,16.93,8.534829
2022-11-28T13:08:00Z,79.43,34.64,15.91,16.78,7.850602
2022-11-28T14:08:00Z,80.5,34.68,15.96,16.93,7.053195
2022-11-28T15:08:00Z,77.91,34.21,16.47,16.64,6.806256
2022-11-28T16:08:00Z,79.04,33.9,17.01,16.4,5.653874
2022-11-28T17:08:00Z,83.4,34.51,17.04,16.82,7.40817
2022-11-28T18:08:00Z,83.7,34.79,17.37,17.05,8.267311
2022-11-28T19:08:00Z,83.4,34.72,17.65,16.95,7.984361
2022-11-28T20:08:00Z,83.0,34.6,17.99,16.83,7.619097
2022-11-28T21:08:00Z,85.0,34.35,18.02,16.51,7.948349
2022-11-28T22:08:00Z,88.0,34.26,17.8,16.41,6.610762
2022-11-28T23:08:00Z,89.0,34.05,17.7,16.37,5.576705
2022-11-29T00:08:00Z,91.0,34.05,17.4,16.38,3.618171
2022-11-29T01:08:00Z,88.6,34.07,17.32,16.38,2.970985
2022-11-29T02:08:00Z,87.9,33.91,17.14,16.22,1.885997
2022-11-29T03:08:00Z,88.3,33.87,16.74,16.17,2.401482
2022-11-29T04:08:00Z,83.3,33.73,16.57,16.07,1.889083
2022-11-29T05:08:00Z,82.0,33.58,16.29,15.93,1.553143
2022-11-29T06:08:00Z,83.9,33.58,15.96,15.97,2.37473
2022-11-29T07:08:00Z,83.2,33.66,16.15,16.01,1.966766
2022-11-29T08:08:00Z,83.5,33.63,16.0,15.98,1.79751
2022-11-29T09:08:00Z,84.3,33.68,15.82,15.95,2.371643
2022-11-29T10:08:00Z,86.0,33.73,15.52,15.94,2.212676
2022-11-29T11:08:00Z,87.4,33.81,15.27,15.98,5.746476
2022-11-29T12:08:00Z,90.0,33.9,15.51,16.04,5.026237
2022-11-29T13:08:00Z,90.0,34.0,16.57,16.02,4.3523
2022-11-29T14:08:00Z,90.0,34.22,16.48,16.24,4.563227
2022-11-29T15:08:00Z,90.5,34.26,17.02,16.37,3.641321
2022-11-29T16:08:00Z,90.0,34.27,17.52,16.54,3.898549
2022-11-29T17:08:00Z,92.8,34.3,17.13,16.66,5.494392
2022-11-29T18:08:00Z,93.0,34.35,17.26,16.7,4.964503
2022-11-29T19:08:00Z,93.0,34.35,17.45,16.83,4.506636
2022-11-29T20:08:00Z,93.6,34.39,17.54,16.96,4.810166
2022-11-29T21:08:00Z,93.0,34.41,17.72,16.85,5.180574
2022-11-29T22:08:00Z,93.0,34.41,17.75,16.82,4.974792
2022-11-29T23:08:00Z,94.0,34.44,17.79,16.79,4.383167
2022-11-30T00:08:00Z,95.0,34.52,17.78,16.95,3.133038
2022-11-30T01:08:00Z,95.7,34.58,17.72,16.98,4.825599
2022-11-30T02:08:00Z,95.0,34.53,17.99,17.09,2.898446
2022-11-30T03:08:00Z,89.5,34.44,18.95,16.99,2.154028
2022-11-30T04:08:00Z,87.0,34.49,19.58,16.91,3.00854
2022-11-30T05:08:00Z,88.0,34.54,19.5,16.96,1.917378
2022-11-30T06:08:00Z,83.4,34.58,19.89,16.95,3.177796
2022-11-30T07:08:00Z,83.9,34.6,19.94,16.94,4.087869
2022-11-30T08:08:00Z,84.6,34.6,19.93,16.94,4.28542
2022-11-30T09:08:00Z,86.0,34.63,19.87,16.95,3.7509
2022-11-30T10:08:00Z,88.0,34.59,19.61,16.95,3.198374
2022-11-30T11:08:00Z,89.0,34.55,19.79,16.92,4.75872
2022-11-30T12:08:00Z,88.3,34.53,19.99,16.89,5.283465
2022-11-30T13:08:00Z,87.4,34.55,20.16,16.93,4.810166
2022-11-30T14:08:00Z,87.7,34.62,20.42,16.99,5.566416
2022-11-30T15:08:00Z,92.2,34.6,19.27,17.02,5.355489
2022-11-30T16:08:00Z,93.0,34.63,18.46,17.08,3.074905
2022-11-30T17:08:00Z,93.0,34.67,18.52,17.09,5.592139
2022-11-30T18:08:00Z,90.1,34.61,19.02,16.98,8.63772
2022-11-30T19:08:00Z,81.9,34.68,20.13,17.04,8.370203
2022-11-30T20:08:00Z,86.9,34.71,19.0,17.05,6.960593
2022-11-30T21:08:00Z,88.0,34.66,18.88,17.0,5.237164
2022-11-30T22:08:00Z,89.7,34.61,18.77,16.93,5.216586
2022-11-30T23:08:00Z,90.0,34.57,18.67,16.87,4.650684
